cc,country,scheme,status,oj_date_ref,loa_wiki,loa_oj_C2026_4428,persons,issuer_art7a,peer_review,dashboard_eidas_node_sw_version,node_statement_in_notification_form,source_url,verification,node_connector_prod,node_proxy_prod
AT,Austria,ID Austria,notified,27.4.2022 / 2022/C 173 I/01,High,High,자연인(법인은 'LoA Mapping 2.1.3 참조'로만 기재 -> 법인 미확인),(i) 내무부(SourcePIN Register Authority),"CN Opinion 1/2022, 21.2.2022",2.5,통보서: 국가 eIDAS node 운영주체 기술(운영현황 아님),https://ec.europa.eu/digital-building-blocks/sites/spaces/EIDCOMMUNITY/pages/443220256/Austria,확인됨,미확인(국가별 connector/proxy 운영현황 공식 페이지 미발견),미확인(국가별 connector/proxy 운영현황 공식 페이지 미발견)
BE,Belgium,Belgian eID Scheme FAS / eCards,notified,27.12.2018 / 2018/C 464/08,High,High,자연인(법인 N/A),(i) 기초자치단체,"CN Opinion 7/2018, 14.11.2018",2.6,통보서(2018): FAS에 eIDAS node 통합,https://ec.europa.eu/digital-building-blocks/sites/spaces/EIDCOMMUNITY/pages/62890096/Belgium+-+eID,확인됨,미확인(국가별 connector/proxy 운영현황 공식 페이지 미발견),미확인(국가별 connector/proxy 운영현황 공식 페이지 미발견)
BE,Belgium,Belgian eID Scheme FAS / itsme,notified,18.12.2019 / 2019/C 425/06,High,High,자연인(법인 N/A),(iii) BMID(itsme),"CN Opinion 8/2019, 2.10.2019",2.6,,https://ec.europa.eu/digital-building-blocks/sites/spaces/EIDCOMMUNITY/pages/87064906/Belgium+-+Itsme,확인됨,미확인(국가별 connector/proxy 운영현황 공식 페이지 미발견),미확인(국가별 connector/proxy 운영현황 공식 페이지 미발견)
BG,Bulgaria,Evrotrust eID,notified,5.7.2023 / 2023/C 237/06,"Low, Substantial, High","Substantial, High",자연인+법인(법인 신원확인 절차 기술),(iii) Evrotrust Technologies AD,"CN Opinion 1/2023, 18.4.2023",2.6,,https://ec.europa.eu/digital-building-blocks/sites/spaces/EIDCOMMUNITY/pages/554369079/Bulgaria,확인됨(LoA 위키-OJ 불일치),미확인(국가별 connector/proxy 운영현황 공식 페이지 미발견),미확인(국가별 connector/proxy 운영현황 공식 페이지 미발견)
HR,Croatia,NIAS (eOI),notified,7.11.2018 / 2018/C 401/08,High,High,자연인(법인 N/A),(i) 국가,"CN Opinion 4/2018, 11.7.2018(PRR 첨부)",2.6,"통보서(2018): Croatian eIDAS-Node currently operational, Proxy-to-Proxy",https://ec.europa.eu/digital-building-blocks/sites/spaces/EIDCOMMUNITY/pages/62885743/Croatia,확인됨,미확인(국가별 connector/proxy 운영현황 공식 페이지 미발견),미확인(국가별 connector/proxy 운영현황 공식 페이지 미발견)
CY,Cyprus,Cyprus National eID (IDMe.cy),notified,26.2.2024 / C/2024/1719,High,High,자연인(법인 N/A),(ii) JCC Payment Systems Ltd,"CN Opinion 5/2023, 6.12.2023",2.6,,https://ec.europa.eu/digital-building-blocks/sites/spaces/EIDCOMMUNITY/pages/694493105,확인됨,미확인(국가별 connector/proxy 운영현황 공식 페이지 미발견),미확인(국가별 connector/proxy 운영현황 공식 페이지 미발견)
CZ,Czech Republic,National identification scheme (CZ eID card),notified,13.9.2019 / 2019/C 309/09,High,High,자연인(법인 불가 명시),(i) 국가(지자체 경유),"CN Opinion 2/2019, 6.6.2019",2.7.1,,https://ec.europa.eu/digital-building-blocks/sites/spaces/EIDCOMMUNITY/pages/74091909/Czech+Republic,확인됨,미확인(국가별 connector/proxy 운영현황 공식 페이지 미발견),미확인(국가별 connector/proxy 운영현황 공식 페이지 미발견)
CZ,Czech Republic,"National identification scheme (MEG, mojeID)",notified(위키),24.6.2022 / 52022XC0624(03),"Low, Substantial, High",OJ 2026 통합목록에 없음,미확인(통보서 미게시),미확인,"CN Opinion 2/2022, 21.2.2022",(국가단위 2.7.1),,https://ec.europa.eu/digital-building-blocks/sites/spaces/EIDCOMMUNITY/pages/443220262,부분확인(OJ 통합목록 누락),미확인(국가별 connector/proxy 운영현황 공식 페이지 미발견),미확인(국가별 connector/proxy 운영현황 공식 페이지 미발견)
DK,Denmark,MitID,notified,24.10.2022,"Substantial, High","Substantial, High",미확인(통보서 미게시),미확인,"CN Opinion 5/2022, 27.6.2022",대시보드 표에 없음,,https://ec.europa.eu/digital-building-blocks/sites/spaces/EIDCOMMUNITY/pages/733052990,확인됨(persons/issuer 미확인),미확인(국가별 connector/proxy 운영현황 공식 페이지 미발견),미확인(국가별 connector/proxy 운영현황 공식 페이지 미발견)
EE,Estonia,"Estonian eID scheme (ID card, RP card, Digi-ID, e-Residency Digi-ID, Mobile-ID, diplomatic card)",notified,7.11.2018 / 2018/C 401/08,High,High,자연인만(법인 N/A 명시),(i) PBGB/외교부,"CN Opinion 5/2018, 11.7.2018",2.5,통보서: 중앙 eIDAS-Node 서비스 2종,https://ec.europa.eu/digital-building-blocks/sites/spaces/EIDCOMMUNITY/pages/62885749/Estonia,확인됨,미확인(국가별 connector/proxy 운영현황 공식 페이지 미발견),미확인(국가별 connector/proxy 운영현황 공식 페이지 미발견)
EE,Estonia,Estonian ID card / RP card / diplomatic card (2026 신규),notified,12.8.2026 / C/2026/4428,-,High,자연인,(i) PBGB,"CG Opinion 1/2026, 30.6.2026",2.5,통보서(2026): Proxy Service(TARA 연계)·Connector 구조 기술; Proxy는 공공기관 한정,https://ec.europa.eu/digital-building-blocks/sites/spaces/EIDCOMMUNITY/pages/973932208,확인됨,미확인(국가별 connector/proxy 운영현황 공식 페이지 미발견),미확인(국가별 connector/proxy 운영현황 공식 페이지 미발견)
FI,Finland,Citizen Certificate (ID card),notified,25.4.2025 / C/2025/2448,High,High,미확인(위키 첨부가 프랑스 서식),미확인,"CN Opinion 1/2025, 30.1.2025",2.6,,https://ec.europa.eu/digital-building-blocks/sites/spaces/EIDCOMMUNITY/pages/832143382/Finland,확인됨(persons/issuer 미확인),미확인(국가별 connector/proxy 운영현황 공식 페이지 미발견),미확인(국가별 connector/proxy 운영현황 공식 페이지 미발견)
FR,France,FranceConnect+ / Identite Numerique La Poste,notified,10.12.2021 / 2021/C 522/03,Substantial,Substantial,자연인(법인 N/A),(iii) La Poste,"CN Opinion 3/2021, 27.9.2021",2.6,,https://ec.europa.eu/digital-building-blocks/sites/spaces/EIDCOMMUNITY/pages/346784722,확인됨,미확인(국가별 connector/proxy 운영현황 공식 페이지 미발견),미확인(국가별 connector/proxy 운영현황 공식 페이지 미발견)
FR,France,France Identite,notified,2.12.2024(OJ)/3.12.2024(위키) / C/2024/7263,High,High,자연인(법인 N/A),France Titres(ANTS); 7(a) 체크 없음 -> 미확인,"CN Opinion 3/2024, 7.5.2024",2.6,,https://ec.europa.eu/digital-building-blocks/sites/spaces/EIDCOMMUNITY/pages/797933603,확인됨,미확인(국가별 connector/proxy 운영현황 공식 페이지 미발견),미확인(국가별 connector/proxy 운영현황 공식 페이지 미발견)
DE,Germany,German eID based on EAC,notified,26.9.2017 / 2017/C 319/03; 14.12.2020 / 2020/C 432/07,High,High,자연인(법인 N/A),(i),"CN Opinion 1/2017, 28.6.2017(PRR 첨부)",대시보드 표에 없음,통보서: 수신국 호스팅 middleware 방식,https://ec.europa.eu/digital-building-blocks/sites/spaces/EIDCOMMUNITY/pages/48762401/Germany,확인됨,미확인(국가별 connector/proxy 운영현황 공식 페이지 미발견),미확인(국가별 connector/proxy 운영현황 공식 페이지 미발견)
GR,Greece,-,none,-,-,-,-,-,-,2.5,,위키/OJ 2026 목록에 없음,확인됨(부재),미확인(국가별 connector/proxy 운영현황 공식 페이지 미발견),미확인(국가별 connector/proxy 운영현황 공식 페이지 미발견)
HU,Hungary,-,none,-,-,-,-,-,-,대시보드 표에 없음,,위키/OJ 2026 목록에 없음,확인됨(부재),미확인(국가별 connector/proxy 운영현황 공식 페이지 미발견),미확인(국가별 connector/proxy 운영현황 공식 페이지 미발견)
IS,Iceland,-,none,-,-,-,-,-,-,1.4.3,,위키/OJ 2026 목록에 없음,확인됨(부재),미확인(국가별 connector/proxy 운영현황 공식 페이지 미발견),미확인(국가별 connector/proxy 운영현황 공식 페이지 미발견)
IE,Ireland,-,none,-,-,-,-,-,-,2.4,,위키/OJ 2026 목록에 없음,확인됨(부재),미확인(국가별 connector/proxy 운영현황 공식 페이지 미발견),미확인(국가별 connector/proxy 운영현황 공식 페이지 미발견)
IT,Italy,SPID,notified,10.9.2018 / 2018/C 318/02 (정정 2018/C 344/09 외),"Low, Substantial, High","High, Substantial, Low",자연인(법인은 LoA Mapping 참조로만 -> 미확인),(ii) SPID IdP(위임),"CN Opinion 1/2018, 11.7.2018; 4/2019(Lepida)",1.4.4,,https://ec.europa.eu/digital-building-blocks/sites/spaces/EIDCOMMUNITY/pages/62885733,확인됨,미확인(국가별 connector/proxy 운영현황 공식 페이지 미발견),미확인(국가별 connector/proxy 운영현황 공식 페이지 미발견)
IT,Italy,CIE,notified,13.9.2019 / 2019/C 309/09; LoA 정정 C/2025/4227,"Low, Substantial, High","High, Substantial, Low",자연인(법인 N.A.),(i) 기초자치단체(내무부 위임),CN Opinion 4/2019,1.4.4,통보서(2019): Italian eIDAS-Node(AgID) currently operational,https://ec.europa.eu/digital-building-blocks/sites/spaces/EIDCOMMUNITY/pages/74091952,확인됨,미확인(국가별 connector/proxy 운영현황 공식 페이지 미발견),미확인(국가별 connector/proxy 운영현황 공식 페이지 미발견)
LV,Latvia,Latvian eID scheme,notified,18.12.2019 / 2019/C 425/06,"Substantial, High","High, Substantial",자연인만,eID karte (ii) OCMA / eParaksts (iii) LVRTC,"CN Opinion 7/2019, 2.10.2019",2.5,,https://ec.europa.eu/digital-building-blocks/sites/spaces/EIDCOMMUNITY/pages/77370111/Latvia,확인됨,미확인(국가별 connector/proxy 운영현황 공식 페이지 미발견),미확인(국가별 connector/proxy 운영현황 공식 페이지 미발견)
LI,Liechtenstein,eID.li Class A / Class B,notified,19.4.2023 / 2023/C 136/02,A High / B Substantial,A High / B Substantial,자연인(법인 N/A),(i) APA(외국인·여권청),"CN Opinion 6/2022, 12.12.2022",2.6,통보서: eIDAS node in operation since August 2022,https://ec.europa.eu/digital-building-blocks/sites/spaces/EIDCOMMUNITY/pages/554369089,확인됨,미확인(국가별 connector/proxy 운영현황 공식 페이지 미발견),미확인(국가별 connector/proxy 운영현황 공식 페이지 미발견)
LT,Lithuania,Lithuanian National Identity card (ATK),notified,21.8.2020 / 2020/C 276/02,High,High,자연인만,(i) ADIC(내무부),"CN Opinion 3/2020, 26.5.2020",2.5,,https://ec.europa.eu/digital-building-blocks/sites/spaces/EIDCOMMUNITY/pages/183927104/Lithuania,확인됨,미확인(국가별 connector/proxy 운영현황 공식 페이지 미발견),미확인(국가별 connector/proxy 운영현황 공식 페이지 미발견)
LU,Luxembourg,Luxembourg eID card,notified,7.11.2018 / 2018/C 401/08,High,High,자연인(법인 N/A),(i) 국가,"CN Opinion 3/2018, 11.7.2018(PRR 첨부)",2.6,,https://ec.europa.eu/digital-building-blocks/sites/spaces/EIDCOMMUNITY/pages/62885755/Luxembourg,확인됨,미확인(국가별 connector/proxy 운영현황 공식 페이지 미발견),미확인(국가별 connector/proxy 운영현황 공식 페이지 미발견)
LU,Luxembourg,"LuxTrust eID (SmartCard, Mobile App, Scan)",notified,12.8.2026 / C/2026/4428,-,Substantial,자연인(법인 N/A),LuxTrust S.A.(QTSP); 7(a) 체크 없음 -> 미확인,"CG Opinion 2/2026, 30.6.2026",2.6,,https://ec.europa.eu/digital-building-blocks/sites/spaces/EIDCOMMUNITY/pages/973932213,확인됨,미확인(국가별 connector/proxy 운영현황 공식 페이지 미발견),미확인(국가별 connector/proxy 운영현황 공식 페이지 미발견)
MT,Malta,"Identity Malta (eID card, e-residence)",notified,10.12.2021 / 2021/C 522/03,High,High,미확인(통보서 스캔본),미확인,"CN Opinion 1/2021, 27.9.2021",2.5,,https://ec.europa.eu/digital-building-blocks/sites/spaces/EIDCOMMUNITY/pages/364644517/Malta,확인됨(persons/issuer 미확인),미확인(국가별 connector/proxy 운영현황 공식 페이지 미발견),미확인(국가별 connector/proxy 운영현황 공식 페이지 미발견)
NL,Netherlands,DigiD,notified,21.8.2020 / 2020/C 276/02,"Substantial, High","Substantial, High",자연인(법인 N/A),(i),"CN Opinion 4/2020, 26.5.2020; 4/2022(변경)",2.6,,https://ec.europa.eu/digital-building-blocks/sites/spaces/EIDCOMMUNITY/pages/176620999,확인됨,미확인(국가별 connector/proxy 운영현황 공식 페이지 미발견),미확인(국가별 connector/proxy 운영현황 공식 페이지 미발견)
NL,Netherlands,eHerkenning (Afsprakenstelsel eTD),notified,13.9.2019 / 2019/C 309/09,"Substantial, High","High, Substantial",법인(위키: for businesses; 법인 확인은 부속서 참조),(iii) Means Issuer,"CN Opinion 3/2019, 6.6.2019(PRR 첨부)",2.6,,https://ec.europa.eu/digital-building-blocks/sites/spaces/EIDCOMMUNITY/pages/74091935,확인됨,미확인(국가별 connector/proxy 운영현황 공식 페이지 미발견),미확인(국가별 connector/proxy 운영현황 공식 페이지 미발견)
NO,Norway,BankID,notified,24.10.2022,High,High,미확인(통보서 미게시),미확인,"CN Opinion 3/2022, 21.2.2022",1.4.1,,https://ec.europa.eu/digital-building-blocks/sites/spaces/EIDCOMMUNITY/pages/636682455,확인됨(persons/issuer 미확인),미확인(국가별 connector/proxy 운영현황 공식 페이지 미발견),미확인(국가별 connector/proxy 운영현황 공식 페이지 미발견)
NO,Norway,Buypass ID,notified,24.10.2022,High,High,미확인(통보서 미게시),미확인,"CN Opinion 3/2022, 21.2.2022",1.4.1,,https://ec.europa.eu/digital-building-blocks/sites/spaces/EIDCOMMUNITY/pages/443220259,확인됨(persons/issuer 미확인),미확인(국가별 connector/proxy 운영현황 공식 페이지 미발견),미확인(국가별 connector/proxy 운영현황 공식 페이지 미발견)
PL,Poland,Public Electronic Identification System (trusted/personal profile),notified,19.4.2023 / 2023/C 136/02,"Substantial, High","Substantial, High",자연인만,(i) 디지털부(trusted)/내무행정부(personal),"CN Opinion 7/2022, 12.12.2022",2.6,,https://ec.europa.eu/digital-building-blocks/sites/spaces/EIDCOMMUNITY/pages/554369093/Poland,확인됨,미확인(국가별 connector/proxy 운영현황 공식 페이지 미발견),미확인(국가별 connector/proxy 운영현황 공식 페이지 미발견)
PT,Portugal,Cartao de Cidadao,notified,28.2.2019 / 2019/C 75/04,High,High,자연인만,(i) IRN,"CN Opinion 6/2018, 10.10.2018",2.5,,https://ec.europa.eu/digital-building-blocks/sites/spaces/EIDCOMMUNITY/pages/78555468,확인됨,미확인(국가별 connector/proxy 운영현황 공식 페이지 미발견),미확인(국가별 connector/proxy 운영현황 공식 페이지 미발견)
PT,Portugal,Chave Movel Digital,notified,8.4.2020 / 2020/C 116/05,High,High,자연인만,(i) AMA,"CN Opinion 2/2020, 30.1.2020",2.5,,https://ec.europa.eu/digital-building-blocks/sites/spaces/EIDCOMMUNITY/pages/78555712,확인됨,미확인(국가별 connector/proxy 운영현황 공식 페이지 미발견),미확인(국가별 connector/proxy 운영현황 공식 페이지 미발견)
PT,Portugal,Sistema de Certificacao de Atributos Profissionais,pre-notified,사전통보 30.5.2018 (OJ 없음),-,-,자연인만,(i) AMA,미완료(TBC),2.5,,https://ec.europa.eu/digital-building-blocks/sites/spaces/EIDCOMMUNITY/pages/78555733,확인됨,미확인(국가별 connector/proxy 운영현황 공식 페이지 미발견),미확인(국가별 connector/proxy 운영현황 공식 페이지 미발견)
RO,Romania,ROeID,notified,9.9.2024 / C/2024/5468,Substantial,Substantial,자연인(법인 N/A),(i) ADR,"CN Opinion 1/2024, 7.5.2024",2.6,,https://ec.europa.eu/digital-building-blocks/sites/spaces/EIDCOMMUNITY/pages/694493127,확인됨,미확인(국가별 connector/proxy 운영현황 공식 페이지 미발견),미확인(국가별 connector/proxy 운영현황 공식 페이지 미발견)
SK,Slovakia,National identity scheme (eCard),notified,18.12.2019 / 2019/C 425/06,High,High,자연인(법인 N/A),경찰청; 7(a) 체크 없음 -> 미확인,"CN Opinion 6/2019, 2.10.2019",2.5,,https://ec.europa.eu/digital-building-blocks/sites/spaces/EIDCOMMUNITY/pages/87064924,확인됨,미확인(국가별 connector/proxy 운영현황 공식 페이지 미발견),미확인(국가별 connector/proxy 운영현황 공식 페이지 미발견)
SI,Slovenia,Slovenian eID card scheme,notified,17.5.2023 / 2023/C 175/07,High,High,자연인(법인 N/A),(i) 디지털전환부,"CN Opinion 2/2023, 18.4.2023",2.4,,https://ec.europa.eu/digital-building-blocks/sites/spaces/EIDCOMMUNITY/pages/636682348/Slovenia,확인됨,미확인(국가별 connector/proxy 운영현황 공식 페이지 미발견),미확인(국가별 connector/proxy 운영현황 공식 페이지 미발견)
ES,Spain,DNIe,notified,7.11.2018 / 2018/C 401/08,High,High,자연인(법인 N/A),(i) 경찰청 문서과,"CN Opinion 2/2018, 11.7.2018",2.5,통보서: eIDAS node proxy service 흐름 기술,https://ec.europa.eu/digital-building-blocks/sites/spaces/EIDCOMMUNITY/pages/62885675/Spain,확인됨,미확인(국가별 connector/proxy 운영현황 공식 페이지 미발견),미확인(국가별 connector/proxy 운영현황 공식 페이지 미발견)
SE,Sweden,"Svensk e-legitimation (BankID, Freja eID+, EFOS)",notified,18.2.2022 / 2022/C 78 I/02 (Freja); 20.12.2024 / C/2024/7543 (BankID),Substantial and High,"Substantial (Freja eID Plus, BankID만 등재)",자연인(법인 N/A),(iii) 독립 발급자,"CN Opinion 2/2021, 27.9.2021",대시보드 표에 없음,,https://ec.europa.eu/digital-building-blocks/sites/spaces/EIDCOMMUNITY/pages/346031450/Sweden,확인됨(LoA/means 위키-OJ 불일치),미확인(국가별 connector/proxy 운영현황 공식 페이지 미발견),미확인(국가별 connector/proxy 운영현황 공식 페이지 미발견)
