c,ver,seq,iss,next,tsp,tsp_act,svc,granted,QC,qwac,QTST,QVal,QPres,QERDS,QEDS,QEAA,PubEAA,QLedger,QArch,RemQSCD,natl,hist
AT,6,75,2026-06-15,2026-12-15,8,5,100,48,33,7,6,0,0,0,0,0,0,0,0,5,29,60
BE,6,83,2026-09-25,2027-03-25,17,13,140,81,39,2,19,6,1,2,3,0,0,0,0,7,1,74
BG,6,64,2026-06-01,2026-12-01,8,5,115,46,16,4,5,4,2,1,2,0,0,0,0,0,11,103
CY,6,54,2026-09-16,2027-03-16,1,1,8,6,6,0,0,0,0,0,0,0,0,0,0,0,0,2
CZ,6,182,2026-09-14,2027-03-14,10,10,553,494,34,4,420,25,8,0,0,0,0,0,0,4,0,217
DE,6,161,2026-09-17,2027-03-17,30,14,978,177,93,13,66,0,1,0,0,0,0,0,0,0,8,1514
DK,6,45,2026-05-26,2026-11-26,4,3,16,12,4,0,6,2,0,0,0,0,0,0,0,0,3,1
EE,6,73,2026-05-20,2026-11-20,3,2,66,21,11,0,8,0,0,0,0,0,0,0,0,1,0,84
EL,6,87,2026-08-25,2027-02-25,5,4,133,112,100,5,12,0,0,0,0,0,0,0,0,0,1,64
ES,6,189,2026-09-24,2027-03-21,71,57,439,235,130,42,68,6,10,2,17,0,0,0,0,0,0,400
FI,6,55,2026-08-21,2027-02-21,1,1,20,13,12,6,0,1,0,0,0,0,0,0,0,0,0,15
FR,6,181,2026-09-22,2027-03-22,40,33,358,155,62,8,67,2,2,1,13,0,0,0,0,6,0,378
HR,6,69,2026-08-28,2027-02-28,4,4,46,22,6,1,13,0,0,0,1,0,0,0,0,1,2,46
HU,6,99,2026-07-15,2027-01-15,12,6,339,152,52,12,94,0,3,0,2,1,0,0,0,0,56,361
IE,6,41,2026-08-13,2027-02-13,5,3,18,15,5,0,3,1,3,0,0,0,0,0,1,1,0,6
IS,6,41,2026-09-03,2027-03-03,2,2,9,7,2,0,5,0,0,0,0,0,0,0,0,0,0,4
IT,6,224,2026-09-24,2027-03-24,56,39,562,265,142,7,29,2,1,3,8,0,0,0,0,49,212,636
LI,6,49,2026-06-15,2026-12-15,4,0,10,0,0,0,0,0,0,0,0,0,0,0,0,0,2,23
LT,6,92,2026-09-15,2027-03-15,10,8,87,48,13,0,15,6,5,0,0,0,0,0,0,0,0,153
LU,6,66,2026-05-20,2026-11-20,5,3,34,16,4,0,6,2,0,0,2,0,0,0,0,1,0,41
LV,6,51,2026-04-28,2026-10-28,1,1,40,15,5,0,4,0,0,0,0,0,0,0,0,0,6,58
MT,6,55,2026-04-27,2026-10-27,3,1,10,4,4,0,0,0,0,0,0,0,0,0,0,0,0,9
NL,6,79,2026-06-26,2026-12-26,14,9,97,42,30,2,9,0,0,2,1,0,0,0,0,0,0,138
NO,6,89,2026-09-14,2027-03-14,16,11,53,35,25,2,10,0,0,0,0,0,0,0,0,0,0,50
PL,6,162,2026-09-18,2026-12-18,13,9,139,65,21,6,19,6,2,0,11,0,0,0,0,3,10,137
PT,6,120,2026-09-07,2027-03-07,10,6,108,50,27,3,20,1,1,0,0,1,0,0,0,0,7,105
RO,6,86,2026-09-28,2027-03-28,10,10,190,117,56,5,30,6,3,0,0,0,0,0,0,5,37,132
SE,6,62,2026-08-19,2027-02-19,5,4,18,14,5,0,2,1,0,0,0,1,0,0,0,3,0,6
SI,6,86,2026-07-07,2027-01-07,10,8,111,46,30,12,7,3,0,0,1,0,0,0,0,3,4,119
SK,6,146,2026-09-18,2026-12-30,10,9,198,149,12,4,75,6,6,0,0,0,0,0,0,3,0,111
UK,6,25,2020-12-31,,16,0,19,0,0,0,0,0,0,0,0,0,0,0,0,0,9,27
