group,title,url,status,file,http_status,pages,bytes,sha256,downloaded_at,error,previous_status,final_url
1,집행결정,https://eur-lex.europa.eu/eli/dec_impl/2025/2164/oj/eng,failed,,202,,,,2026-09-27T19:41:26+09:00,Empty or incomplete response,failed,https://eur-lex.europa.eu/eli/dec_impl/2025/2164/oj/eng
1,EU LOTL 운영 안내,https://ec.europa.eu/digital-building-blocks/sites/spaces/DIGITAL/pages/467109149/eSignature+List+of+Trusted+Lists,downloaded,01_EU_TLv6\EU_LOTL_운영_안내.html,200,,143724,b3e30b164c586990bfc112b6602cf432c88649f8c8b74d780db7a1ac8eb56822,2026-09-27T19:41:26+09:00,,downloaded,https://ec.europa.eu/digital-building-blocks/sites/spaces/DIGITAL/pages/467109149/eSignature+List+of+Trusted+Lists
2,EUDI Regulation 안내,https://digital-strategy.ec.europa.eu/en/policies/eudi-regulation,downloaded,02_EUDI_Wallet\EUDI_Regulation_안내.html,200,,63402,91a0a1d08a5e367ca9217b2c9652740ad7aa00422df728426aaece1e60c67382,2026-09-27T19:41:26+09:00,,downloaded,https://digital-strategy.ec.europa.eu/en/policies/eudi-regulation
2,Toolbox,https://digital-strategy.ec.europa.eu/en/policies/eudi-wallet-toolbox,downloaded,02_EUDI_Wallet\Toolbox.html,200,,65933,d20eac2b58efa909579f70981da6d23dc0760ea5320f3ea56d21b15bb2d61ab0,2026-09-27T19:41:26+09:00,,downloaded,https://digital-strategy.ec.europa.eu/en/policies/eudi-wallet-toolbox
3,VP 최종 승인,https://openid.net/openid-for-verifiable-presentations-1-0-final-specification-approved/,downloaded,03_OpenID_적합성시험\VP_최종_승인.html,200,,137326,8d922c674eae1dac94671e18ebfec10192a06969596936f52e02531ad35d7b41,2026-09-27T19:41:26+09:00,,downloaded,https://openid.net/openid-for-verifiable-presentations-1-0-final-specification-approved/
3,VCI 최종 승인,https://openid.net/openid-for-verifiable-credential-issuance-1-final-specification-approved/,downloaded,03_OpenID_적합성시험\VCI_최종_승인.html,200,,138747,4992767b9bfa846905de622bc918cb9be24f56cae238efcbdeae8d8b5ef14929,2026-09-27T19:41:26+09:00,,downloaded,https://openid.net/openid-for-verifiable-credential-issuance-1-final-specification-approved/
3,시험체계,https://openid.net/openid4vp-and-openid4vci-conformance-tests-are-complete-and-open-for-self-certification/,downloaded,03_OpenID_적합성시험\시험체계.html,200,,157065,959d9c39ab69600dacdc37996907172589a1977984ee3f3d9f4592ca8d0d718d,2026-09-27T19:41:26+09:00,,downloaded,https://openid.net/openid4vp-and-openid4vci-conformance-tests-are-complete-and-open-for-self-certification/
3,공식 발표,https://openid.net/first-implementers-certify-to-openid4vp-and-openid4vci-with-haip/,downloaded,03_OpenID_적합성시험\공식_발표.html,200,,140662,03beba749de720c83c64d38603b946f72e5beaa8c8eb364ae911e8c1e2a336a9,2026-09-27T19:41:26+09:00,,downloaded,https://openid.net/first-implementers-certify-to-openid4vp-and-openid4vci-with-haip/
4,별지 3,https://www.digital.go.jp/assets/contents/node/basic_page/field_ref_resources/57957c69-60d3-4f0e-8a06-69f6f2ae58ea/2a54005e/20260409_meeting_vc-diw-governance_outline_04.pdf,downloaded,04_일본_VC_DIW\별지_3.pdf,200,17,1291348,39345e78442cf123ccbafea2d5006d7b45de1195ddcb472719e58ac06ee86100,2026-09-27T19:41:26+09:00,,downloaded,https://www.digital.go.jp/assets/contents/node/basic_page/field_ref_resources/57957c69-60d3-4f0e-8a06-69f6f2ae58ea/2a54005e/20260409_meeting_vc-diw-governance_outline_04.pdf
4,2026년도 회의,https://www.digital.go.jp/councils/vc-diw-governance/c164f224-cd22-4d66-9d50-1c1b42daca65,downloaded,04_일본_VC_DIW\2026년도_회의.html,200,,51129,5645f871ac5babc4fbce45b7d9eec05ceec6b056d9291ff0c30523d22def9b6d,2026-09-27T19:41:26+09:00,,downloaded,https://www.digital.go.jp/councils/vc-diw-governance/c164f224-cd22-4d66-9d50-1c1b42daca65
4,개최 개요안,https://www.digital.go.jp/assets/contents/node/basic_page/field_ref_resources/c164f224-cd22-4d66-9d50-1c1b42daca65/2b3aef39/20260911_meeting_vc-diw-governance_outline_02.pdf,downloaded,04_일본_VC_DIW\개최_개요안.pdf,200,5,627122,e9c1c7d487aed4b70c8102db1ca66b769c135b73bbfac1845046e312a57a5e63,2026-09-27T19:41:26+09:00,,downloaded,https://www.digital.go.jp/assets/contents/node/basic_page/field_ref_resources/c164f224-cd22-4d66-9d50-1c1b42daca65/2b3aef39/20260911_meeting_vc-diw-governance_outline_02.pdf
5,W3C VC 2.0,https://www.w3.org/TR/vc-data-model/,downloaded,05_W3C_IETF\W3C_VC_2.0.html,200,,1023165,a9196a3d0b6601356c4e127bad24f8c7f2c17f6ed22e41b35755a910104156f8,2026-09-27T19:41:26+09:00,,downloaded,https://www.w3.org/TR/vc-data-model/
5,상태목록,https://www.w3.org/TR/vc-bitstring-status-list/,downloaded,05_W3C_IETF\상태목록.html,200,,185694,3cdf3358a09f3b02f2a97e5dac13cf2b63115c2db1260bf7b7c236d8702924ec,2026-09-27T19:41:26+09:00,,downloaded,https://www.w3.org/TR/vc-bitstring-status-list/
5,RFC 9901,https://www.rfc-editor.org/rfc/rfc9901.html,downloaded,05_W3C_IETF\RFC_9901.html,200,,409473,cabbdc4048c1d6dd06ebb2a64e287b55d252c5c2e1b1b9fe680441df7a35eafd,2026-09-27T19:41:26+09:00,,downloaded,https://www.rfc-editor.org/rfc/rfc9901.html
5,SD-JWT VC 현황,https://datatracker.ietf.org/doc/draft-ietf-oauth-sd-jwt-vc/,downloaded,05_W3C_IETF\SD-JWT_VC_현황.html,200,,217789,db6882f2e74804c1dbfbc2d27ec5d3c2815da057975e7cc86d7fdfc5f4159f04,2026-09-27T19:41:26+09:00,,downloaded,https://datatracker.ietf.org/doc/draft-ietf-oauth-sd-jwt-vc/
6,NIST 최종 문서,https://csrc.nist.gov/pubs/sp/800/63/4/final,downloaded,06_NIST_디지털신원\NIST_최종_문서.html,200,,46140,850aeb7edfdb382951c48a5f9047c200307e642718eef0eb4e9f0d0519017336,2026-09-27T19:41:26+09:00,,downloaded,https://csrc.nist.gov/pubs/sp/800/63/4/final
7,인증제도와 버전,https://www.gov.uk/guidance/certification-scheme-for-the-uk-digital-identity-and-attributes-trust-framework,downloaded,07_영국_신뢰프레임워크\인증제도와_버전.html,200,,108641,6835fb6ea28b6c3dd84efa49394615b1501a067eab92a8e39e8617e656a14461,2026-09-27T19:41:26+09:00,,downloaded,https://www.gov.uk/guidance/certification-scheme-for-the-uk-digital-identity-and-attributes-trust-framework
7,데이터 스키마,https://www.gov.uk/government/publications/uk-digital-verification-services-trust-framework-data-schema-1-0,downloaded,07_영국_신뢰프레임워크\데이터_스키마.html,200,,75799,8ab49bf1c27c93b776edb3ae5bbb18145014aa922db5899074c513fd1adffaa5,2026-09-27T19:41:26+09:00,,downloaded,https://www.gov.uk/government/publications/uk-digital-verification-services-trust-framework-data-schema-1-0
8,뉴질랜드 규칙,https://www.publicservice.govt.nz/about-the-commission/government-digital-delivery-agency/trust-framework-for-digital-identity/about-digital-identity-services/trust-framework-legislation/trust-framework-rules,downloaded,08_뉴질랜드_호주\뉴질랜드_규칙.html,200,,120611,2fa9b8d93873f995fa87dbbf8a751a6980a3f478194ad50879551c3ef3f4dab0,2026-09-27T19:41:26+09:00,,downloaded,https://www.publicservice.govt.nz/about-the-commission/government-digital-delivery-agency/trust-framework-for-digital-identity/about-digital-identity-services/trust-framework-legislation/trust-framework-rules
8,호주 계획,https://www.digitalidsystem.gov.au/news/policy-settings-for-charging-and-user-choice-in-the-australian-government-digital-id-system,failed,,,,,,2026-09-27T19:41:26+09:00,"HTTPSConnectionPool(host='www.digitalidsystem.gov.au', port=443): Read timed out. (read timeout=45)",failed,
9,UNCITRAL 공식 소개,https://uncitral.un.org/en/mlit,downloaded,09_UNCITRAL_국경간인정\UNCITRAL_공식_소개.html,200,,61328,322541a44acce87755d92c993525c6feb8aeb594743d1a39c8995d361caf4dfd,2026-09-27T19:41:26+09:00,,downloaded,https://uncitral.un.org/en/mlit
10,GLEIF 공식 프레임워크,https://www.gleif.org/en/organizational-identity/become-a-vlei-issuer-qvi/vlei-ecosystem-governance-framework,downloaded,10_GLEIF_vLEI\GLEIF_공식_프레임워크.html,200,,207017,1ecfab6f0e8035ec8cc1cd96c4544ebc86da637f0d60db7b6c73d42b943cf8f8,2026-09-27T19:41:26+09:00,,downloaded,https://www.gleif.org/en/organizational-identity/become-a-vlei-issuer-qvi/vlei-ecosystem-governance-framework
11,"OECD 2026, 제2장",https://www.oecd.org/en/publications/digital-government-outlook_0496b2bc-en/full-report/strengthening-digital-public-infrastructure-and-data-governance_2c7323c7.html,failed,,403,,,,2026-09-27T19:41:26+09:00,403 Client Error: Forbidden for url: https://www.oecd.org/en/publications/digital-government-outlook_0496b2bc-en/full-report/strengthening-digital-public-infrastructure-and-data-governance_2c7323c7.html,failed,https://www.oecd.org/en/publications/digital-government-outlook_0496b2bc-en/full-report/strengthening-digital-public-infrastructure-and-data-governance_2c7323c7.html
11,UN 실행·평가 자료,https://www.dpi-safeguards.org/framework,downloaded,11_OECD_UN_DPI\UN_실행_평가_자료.html,200,,82999,28dc85069a054959df9582746bc48f0934818c05376b9f53b499365c71ce5878,2026-09-27T19:41:26+09:00,,downloaded,https://www.dpi-safeguards.org/framework
12,NIST 공식 발표,https://csrc.nist.gov/News/2024/postquantum-cryptography-fips-approved,downloaded,12_PQC_EDPS_개인정보보호\NIST_공식_발표.html,200,,37660,852312405752a8db012cfcb4fd46a5ba4c4a489a44afe4b16b642a26457e8282,2026-09-27T19:41:26+09:00,,downloaded,https://csrc.nist.gov/News/2024/postquantum-cryptography-fips-approved
12,EDPS 공식 문서,https://www.edps.europa.eu/data-protection/our-work/publications/techdispatch/2025-12-15-techdispatch-32025-digital-identity-wallets_en,failed,,202,,,,2026-09-27T19:41:26+09:00,Empty or incomplete response,failed,https://www.edps.europa.eu/data-protection/our-work/publications/techdispatch/2025-12-15-techdispatch-32025-digital-identity-wallets_en
1,ETSI_TS119612_v2.4.1,https://www.etsi.org/deliver/etsi_ts/119600_119699/119612/02.04.01_60/ts_119612v020401p.pdf,downloaded,01_EU_TLv6\ETSI_TS119612_v2.4.1.pdf,200,81,596996,83285a1069e369d225cf16a0051a46b1f9d8961b6ad5d66bb7650351309a5196,2026-09-27T19:41:26+09:00,,downloaded,https://www.etsi.org/deliver/etsi_ts/119600_119699/119612/02.04.01_60/ts_119612v020401p.pdf
1,ETSI_TS119615_versions,https://www.etsi.org/deliver/etsi_ts/119600_119699/119615/,downloaded,01_EU_TLv6\ETSI_TS119615_versions.html,200,,743,57e749254c94970b23528b1bdefbf1de73ece8e13f74147dee5f2a61c7f77476,2026-09-27T19:41:26+09:00,,downloaded,https://www.etsi.org/deliver/etsi_ts/119600_119699/119615/
1,EU_2025_2164_PDF,https://eur-lex.europa.eu/legal-content/EN/TXT/PDF/?uri=CELEX:32025D2164,failed,,202,,,,2026-09-27T19:41:26+09:00,Expected PDF; server returned non-PDF response,failed,https://eur-lex.europa.eu/legal-content/EN/TXT/PDF/?uri=CELEX:32025D2164
2,ARF,https://eu-digital-identity-wallet.github.io/eudi-doc-architecture-and-reference-framework/latest/,downloaded,02_EUDI_Wallet\ARF.html,200,,61938,dcd4471ab4045df344ca771d25862d2cc55b657000a58eee58875afda27c0b87,2026-09-27T19:41:26+09:00,,downloaded,https://eudi.dev/latest/
3,OpenID4VP_1.0,https://openid.net/specs/openid-4-verifiable-presentations-1_0.html,downloaded,03_OpenID_적합성시험\OpenID4VP_1.0.html,200,,515401,e4f0abc689afd0a4f6c41b83954d7f970c5263a26143ad861216aea9918993bb,2026-09-27T19:41:26+09:00,,downloaded,https://openid.net/specs/openid-4-verifiable-presentations-1_0.html
3,OpenID4VCI_1.0,https://openid.net/specs/openid-4-verifiable-credential-issuance-1_0.html,downloaded,03_OpenID_적합성시험\OpenID4VCI_1.0.html,200,,504445,f123c3178cacd27688b15b762098a045e9eb35eccfe2f5f18a357c3815e06ba7,2026-09-27T19:41:26+09:00,,downloaded,https://openid.net/specs/openid-4-verifiable-credential-issuance-1_0.html
3,HAIP_1.0,https://openid.net/specs/openid4vc-high-assurance-interoperability-profile-1_0.html,downloaded,03_OpenID_적합성시험\HAIP_1.0.html,200,,150031,3996e0479d06b72d6d68668b8ae3cd39fddfc29ae9220c0c3fead7dc060ec4fb,2026-09-27T19:41:26+09:00,,downloaded,https://openid.net/specs/openid4vc-high-assurance-interoperability-profile-1_0.html
4,JP_Annex4_TechnicalWG,https://www.digital.go.jp/assets/contents/node/basic_page/field_ref_resources/57957c69-60d3-4f0e-8a06-69f6f2ae58ea/c4fb6769/20260409_meeting_vc-diw-governance_outline_05.pdf,downloaded,04_일본_VC_DIW\JP_Annex4_TechnicalWG.pdf,200,11,720259,81fea34921c94e44391bf51e6d8711236db1de981fd5fb37e207c029f09eb04a,2026-09-27T19:41:26+09:00,,downloaded,https://www.digital.go.jp/assets/contents/node/basic_page/field_ref_resources/57957c69-60d3-4f0e-8a06-69f6f2ae58ea/c4fb6769/20260409_meeting_vc-diw-governance_outline_05.pdf
5,RFC9901,https://www.rfc-editor.org/rfc/rfc9901.txt,downloaded,05_W3C_IETF\RFC9901.txt,200,,177316,fd4cb79184162fa7ef95f4f63abab8ee6d03c9a04c19b8f83758946464b284eb,2026-09-27T19:41:26+09:00,,downloaded,https://www.rfc-editor.org/rfc/rfc9901.txt
6,NIST_SP800_63_4,https://nvlpubs.nist.gov/nistpubs/SpecialPublications/NIST.SP.800-63-4.pdf,downloaded,06_NIST_디지털신원\NIST_SP800_63_4.pdf,200,96,858054,2f5b107de218a0fc3fe7f7e91b2ece5babb001eda5745b7c568a3cc876002f2d,2026-09-27T19:41:26+09:00,,downloaded,https://nvlpubs.nist.gov/nistpubs/SpecialPublications/NIST.SP.800-63-4.pdf
6,NIST_SP800_63A_4,https://nvlpubs.nist.gov/nistpubs/SpecialPublications/NIST.SP.800-63A-4.pdf,downloaded,06_NIST_디지털신원\NIST_SP800_63A_4.pdf,200,114,1071442,f83654182f0b012f17f6901e6d03e12ef2ba422b341aee875e837094f23e9ad3,2026-09-27T19:41:26+09:00,,downloaded,https://nvlpubs.nist.gov/nistpubs/SpecialPublications/NIST.SP.800-63A-4.pdf
6,NIST_SP800_63B_4,https://nvlpubs.nist.gov/nistpubs/SpecialPublications/NIST.SP.800-63B-4.pdf,downloaded,06_NIST_디지털신원\NIST_SP800_63B_4.pdf,200,129,993734,d9ab89576b5ae2cfb3ba37781110788dea27a85a5079496dbfc1a79834670afd,2026-09-27T19:41:26+09:00,,downloaded,https://nvlpubs.nist.gov/nistpubs/SpecialPublications/NIST.SP.800-63B-4.pdf
6,NIST_SP800_63C_4,https://nvlpubs.nist.gov/nistpubs/SpecialPublications/NIST.SP.800-63C-4.pdf,downloaded,06_NIST_디지털신원\NIST_SP800_63C_4.pdf,200,150,1542269,dce901711d044dcdd672fe28c2b012558786db0532e634bd65fa9506f88b3cdb,2026-09-27T19:41:26+09:00,,downloaded,https://nvlpubs.nist.gov/nistpubs/SpecialPublications/NIST.SP.800-63C-4.pdf
9,UNCITRAL_MLIT_Text_ExplanatoryNote,https://uncitral.un.org/sites/uncitral.un.org/files/media-documents/uncitral/en/mlit_en.pdf,downloaded,09_UNCITRAL_국경간인정\UNCITRAL_MLIT_Text_ExplanatoryNote.pdf,200,86,655342,c0f18008fa07874b6ee61e2c5eb101279d4b4938b35ef6d199d4279a51c0c3b8,2026-09-27T19:41:26+09:00,,downloaded,https://uncitral.un.org/sites/default/files/media-documents/uncitral/en/mlit_en.pdf
12,EDPS_TechDispatch_DigitalIdentityWallets,https://www.edps.europa.eu/system/files/2025-12/25-12-16_techdispatch-digital-identity-wallet_en.pdf,downloaded,12_PQC_EDPS_개인정보보호\EDPS_TechDispatch_DigitalIdentityWallets.pdf,200,42,1111218,bdf0087f0b52822cafc06b3519a1c3dd3cdcd489490b8b780fca60fd9ae0df74,2026-09-27T19:41:26+09:00,,downloaded,https://www.edps.europa.eu/system/files/2025-12/25-12-16_techdispatch-digital-identity-wallet_en.pdf
12,FIPS203_MLKEM,https://nvlpubs.nist.gov/nistpubs/FIPS/NIST.FIPS.203.pdf,downloaded,12_PQC_EDPS_개인정보보호\FIPS203_MLKEM.pdf,200,56,1252341,fe1f12f32a7e44ec9fdebbf400cda843a40b506dee676725234dc6f7923b6cac,2026-09-27T19:41:26+09:00,,downloaded,https://nvlpubs.nist.gov/nistpubs/FIPS/NIST.FIPS.203.pdf
12,FIPS204_MLDSA,https://nvlpubs.nist.gov/nistpubs/FIPS/NIST.FIPS.204.pdf,downloaded,12_PQC_EDPS_개인정보보호\FIPS204_MLDSA.pdf,200,65,3291746,57239b9f84c03227eda3ca0991204dc7764c79af9ce2e6824eda774918d46b6b,2026-09-27T19:41:26+09:00,,downloaded,https://nvlpubs.nist.gov/nistpubs/FIPS/NIST.FIPS.204.pdf
12,FIPS205_SLHDSA,https://nvlpubs.nist.gov/nistpubs/FIPS/NIST.FIPS.205.pdf,downloaded,12_PQC_EDPS_개인정보보호\FIPS205_SLHDSA.pdf,200,61,1055752,8ef34228276f3386d23cb0da8c14592b8cfb0db3358016bba64df7a004f8d13d,2026-09-27T19:41:26+09:00,,downloaded,https://nvlpubs.nist.gov/nistpubs/FIPS/NIST.FIPS.205.pdf
7,UK DVSTF certification scheme requirements for conformity assessment bodies v1.15,https://assets.publishing.service.gov.uk/media/6aabd59644ec1aa417346bfe/UK_DVSTF_Certification_Scheme_Requirements_for_Conformity_Assessment_Bodies_v1.15.pdf,downloaded,07_영국_신뢰프레임워크\UK_DVSTF_certification_scheme_requirements_for_conformity_assessment_bodies_v1.15.pdf,200,76,1413928,8120c97a0cd29fd5ebd5efa8bb33857b43bc44fbb53f5bdca752dd83e1e3c1bb,2026-09-27T19:41:26+09:00,,downloaded,https://assets.publishing.service.gov.uk/media/6aabd59644ec1aa417346bfe/UK_DVSTF_Certification_Scheme_Requirements_for_Conformity_Assessment_Bodies_v1.15.pdf
7,the 1.0 UK DVS trust framework,https://www.gov.uk/government/publications/uk-digital-verification-services-trust-framework-1-0,downloaded,07_영국_신뢰프레임워크\the_1.0_UK_DVS_trust_framework.html,200,,72655,3eba09402eac5698c1bd3c454db3b292a4bbcc950f1d97c6287462fd9375b57d,2026-09-27T19:41:26+09:00,,downloaded,https://www.gov.uk/government/publications/uk-digital-verification-services-trust-framework-1-0
8,"Digital Identity Services Trust Framework Rules 2024 (PDF, 450 KB)",https://www.publicservice.govt.nz/assets/GDDA/Trust-Framework/DISTF-Rules-2024-Consolidated-version-29-June-2026.pdf,downloaded,08_뉴질랜드_호주\Digital_Identity_Services_Trust_Framework_Rules_2024_PDF_450_KB.pdf,200,42,461005,c56b4bee1b85b3b5f9e964b3f98d1f229055eee9972674b58e2a299c6903c072,2026-09-27T19:41:26+09:00,,downloaded,https://www.publicservice.govt.nz/assets/GDDA/Trust-Framework/DISTF-Rules-2024-Consolidated-version-29-June-2026.pdf
8,"Digital Identity Services Trust Framework Amendment Rules 2026-1 (PDF, 845 KB)",https://www.publicservice.govt.nz/assets/GDDA/Trust-Framework/Digital-Identity-Services-Trust-Framework-Amendment-Rules-2026-1.pdf,downloaded,08_뉴질랜드_호주\Digital_Identity_Services_Trust_Framework_Amendment_Rules_2026-1_PDF_845_KB.pdf,200,43,865193,768e48d3f89a84c2a82a3093cac1846231bde725b0d6f3cab53ff157304830f2,2026-09-27T19:41:26+09:00,,downloaded,https://www.publicservice.govt.nz/assets/GDDA/Trust-Framework/Digital-Identity-Services-Trust-Framework-Amendment-Rules-2026-1.pdf
10,ISO 5009: Official Organizational Roles Code List,https://www.gleif.org/en/lei-data/code-lists/iso-5009-official-organizational-roles-code-list,downloaded,10_GLEIF_vLEI\ISO_5009_Official_Organizational_Roles_Code_List.html,200,,212212,9ccc94b22853db07dd918b90ffbe0c3aa8e8888f86975649da187da0dde8e28b,2026-09-27T19:41:26+09:00,,downloaded,https://www.gleif.org/en/lei-data/code-lists/iso-5009-official-organizational-roles-code-list
10,ISO 5009: Official Organizational Roles Code List,https://www.gleif.org/en/lei-data/code-lists/iso-5009-official-organizational-roles-code-list,downloaded,10_GLEIF_vLEI\ISO_5009_Official_Organizational_Roles_Code_List_ed2175e1.html,200,,212211,acb57104db4fbf6d2f420414422b64a9c9f86814835908c521ec5ffb42822e4e,2026-09-27T19:41:26+09:00,,downloaded,https://www.gleif.org/en/lei-data/code-lists/iso-5009-official-organizational-roles-code-list
10,verifiable LEI (vLEI) Ecosystem Governance Framework Primary Document,https://www.gleif.org/organizational-identity/become-a-vlei-issuer-qvi/vlei-ecosystem-governance-framework/2026-03-25_vlei-egf-v4.0-primary-document_v1.2_final.pdf,downloaded,10_GLEIF_vLEI\verifiable_LEI_vLEI_Ecosystem_Governance_Framework_Primary_Document.pdf,200,13,397826,c339898b59949db9ca8fe808d4b67fe6ec20b2b2aaea8061511a055f19838bcb,2026-09-27T19:41:26+09:00,,downloaded,https://www.gleif.org/media/pages/organizational-identity/become-a-vlei-issuer-qvi/vlei-ecosystem-governance-framework/6f9743db66-1776946166/2026-03-25_vlei-egf-v4.0-primary-document_v1.2_final.pdf
10,Authorization vLEI Credential Framework,https://www.gleif.org/organizational-identity/become-a-vlei-issuer-qvi/vlei-ecosystem-governance-framework/2026-03-25_vlei-egf-v4.0-authorization-vlei-credential-framework_v1.4_final.pdf,downloaded,10_GLEIF_vLEI\Authorization_vLEI_Credential_Framework.pdf,200,8,2521809,4372fd4a84cc90bfa2a3d82fec8958025d389e222f5f02ff44bf3b42404fe690,2026-09-27T19:41:26+09:00,,downloaded,https://www.gleif.org/media/pages/organizational-identity/become-a-vlei-issuer-qvi/vlei-ecosystem-governance-framework/37cd412d4e-1776946166/2026-03-25_vlei-egf-v4.0-authorization-vlei-credential-framework_v1.4_final.pdf
10,Legal Entity Official Organizational Role vLEI Credential Framework,https://www.gleif.org/organizational-identity/become-a-vlei-issuer-qvi/vlei-ecosystem-governance-framework/2026-03-25_vlei-egf-v4.0-legal-entity-official-organizational-role-vlei-credential-framework_v1.5.final.pdf,downloaded,10_GLEIF_vLEI\Legal_Entity_Official_Organizational_Role_vLEI_Credential_Framework.pdf,200,18,413696,00d2a83d38319421e0646e910ad4372e142a17793fd288e16ef310536025c940,2026-09-27T19:41:26+09:00,,downloaded,https://www.gleif.org/media/pages/organizational-identity/become-a-vlei-issuer-qvi/vlei-ecosystem-governance-framework/386c6becc9-1776946227/2026-03-25_vlei-egf-v4.0-legal-entity-official-organizational-role-vlei-credential-framework_v1.5.final.pdf
10,verifiable LEI (vLEI) Ecosystem Governance Framework Trust Assurance Framework,https://www.gleif.org/organizational-identity/become-a-vlei-issuer-qvi/vlei-ecosystem-governance-framework/2026-03-25_vlei-egf-v4.0-trust-assurance-framework_v1.6_final.pdf,downloaded,10_GLEIF_vLEI\verifiable_LEI_vLEI_Ecosystem_Governance_Framework_Trust_Assurance_Framework.pdf,200,37,837834,e77f5950544f84193317071f3b6808fc966a2796417a0f1acdbc62fe5084e209,2026-09-27T19:41:26+09:00,,downloaded,https://www.gleif.org/media/pages/organizational-identity/become-a-vlei-issuer-qvi/vlei-ecosystem-governance-framework/39ccf5b7e5-1776946166/2026-03-25_vlei-egf-v4.0-trust-assurance-framework_v1.6_final.pdf
10,verifiable LEI (vLEI) Ecosystem Governance Framework Technical Requirements Part 2: vLEI Credentials,https://www.gleif.org/organizational-identity/become-a-vlei-issuer-qvi/vlei-ecosystem-governance-framework/2026-03-25_vlei-egf-v4.0-technical-requirements-part-2-vlei-credentials_v1.2_final.pdf,downloaded,10_GLEIF_vLEI\verifiable_LEI_vLEI_Ecosystem_Governance_Framework_Technical_Requirements_Part_2_vLEI.pdf,200,6,350803,4815f9e22e783d47eecaafbae8e7d30c6b91df897ff8216c3b02a24eac639dd0,2026-09-27T19:41:26+09:00,,downloaded,https://www.gleif.org/media/pages/organizational-identity/become-a-vlei-issuer-qvi/vlei-ecosystem-governance-framework/e8bdf5806a-1776946227/2026-03-25_vlei-egf-v4.0-technical-requirements-part-2-vlei-credentials_v1.2_final.pdf
1,ETSI_TS119615_v1.4.1,https://www.etsi.org/deliver/etsi_ts/119600_119699/119615/01.04.01_60/ts_119615v010401p.pdf,downloaded,01_EU_TLv6\ETSI_TS119615_v1.4.1.pdf,200,56,456844,7e348c297b273fce37e6243ba9e53490cb554c1d8bd9cb63b85259ba427ce3fa,2026-09-27T19:41:26+09:00,,downloaded,https://www.etsi.org/deliver/etsi_ts/119600_119699/119615/01.04.01_60/ts_119615v010401p.pdf
1,EU_2025_2164_OfficialJournal,https://eur-lex.europa.eu/legal-content/EN/TXT/PDF/?uri=OJ:L_202502164,failed,,202,,,,2026-09-27T19:41:26+09:00,Expected PDF; server returned non-PDF response,failed,https://eur-lex.europa.eu/legal-content/EN/TXT/PDF/?uri=OJ:L_202502164
11,OECD_DigitalGovernmentOutlook2026,https://www.oecd.org/content/dam/oecd/en/publications/reports/2026/06/digital-government-outlook_4585678e/0496b2bc-en.pdf,downloaded,11_OECD_UN_DPI\OECD_DigitalGovernmentOutlook2026.pdf,200,184,6431002,b1156327d702bc32bd14a0dd212a613619dfa399f9404460729f5ca1047b2d15,2026-09-27T19:41:26+09:00,,downloaded,https://www.oecd.org/content/dam/oecd/en/publications/reports/2026/06/digital-government-outlook_4585678e/0496b2bc-en.pdf
8,AU_PolicySettings_retry,https://www.digitalidsystem.gov.au/news/policy-settings-for-charging-and-user-choice-in-the-australian-government-digital-id-system,failed,,,,,,2026-09-27T19:41:26+09:00,"HTTPSConnectionPool(host='www.digitalidsystem.gov.au', port=443): Read timed out. (read timeout=45)",failed,
2,ARF_MainDocument,https://eu-digital-identity-wallet.github.io/eudi-doc-architecture-and-reference-framework/latest/architecture-and-reference-framework-main/,downloaded_redirect_page,02_EUDI_Wallet\ARF_MainDocument.html,200,,20545,c4cee77d56303f1c14894aa952d23027d56269bfd479f6a8c392f030e0a017f4,2026-09-27T19:41:26+09:00,이동 안내 HTML. 본문·부속서는 ARF_Main_Annexes_Release.pdf 참조.,failed,https://eudi.dev/latest/architecture-and-reference-framework-main/
2,ARF_Main_Annexes_Release,https://github.com/eu-digital-identity-wallet/eudi-doc-architecture-and-reference-framework/releases/latest/download/architecture-and-reference-framework-main-and-annexes.pdf,downloaded,02_EUDI_Wallet\ARF_Main_Annexes_Release.pdf,200,552,4025040,4a1ed04da5f36582bff0df002fa33d93f4521a13d32181efac922dae9e658f2a,2026-09-27T19:41:26+09:00,,downloaded,https://release-assets.githubusercontent.com/github-production-release-asset/594075873/08f54613-96b5-409e-a7e9-d701597bef5a?sp=r&sv=2018-11-09&sr=b&spr=https&se=2026-09-27T11%3A25%3A30Z&rscd=attachment%3B+filename%3Darchitecture-and-reference-framework-main-and-annexes.pdf&rsct=application%2Foctet-stream&skoid=96c2d410-5711-43a1-aedd-ab1947aa7ab0&sktid=398a6654-997b-47e9-b12b-9515b896b4de&skt=2026-09-27T10%3A25%3A24Z&ske=2026-09-27T11%3A25%3A30Z&sks=b&skv=2018-11-09&sig=wXEy%2B1AMZFxsULSPNbSAZvGKfw5i35PXSgBmbGJw%2FsQ%3D&jwt=eyJ0eXAiOiJKV1QiLCJhbGciOiJIUzI1NiJ9.eyJpc3MiOiJnaXRodWIuY29tIiwiYXVkIjoicmVsZWFzZS1hc3NldHMuZ2l0aHVidXNlcmNvbnRlbnQuY29tIiwia2V5Ijoia2V5MSIsImV4cCI6MTc5MDUwNjAwNCwibmJmIjoxNzkwNTA1NzA0LCJwYXRoIjoicmVsZWFzZWFzc2V0cHJvZHVjdGlvbi5ibG9iLmNvcmUud2luZG93cy5uZXQifQ.XFEjFytjFiFtQ9NwTQJNLXBVFvOKp_LsNJUMaMOnXus&response-content-disposition=attachment%3B%20filename%3Darchitecture-and-reference-framework-main-and-annexes.pdf&response-content-type=application%2Foctet-stream
7,UK_TrustFramework_1.0_FullText,https://www.gov.uk/government/publications/uk-digital-verification-services-trust-framework-1-0/uk-digital-verification-services-trust-framework-1-0-pre-release,downloaded,07_영국_신뢰프레임워크\UK_TrustFramework_1.0_FullText.html,200,,633779,1b14fe6b19344dc62365f34d7a9c568ee1ab7ff85af7daf448f696b64169b7e0,2026-09-27T19:41:26+09:00,,downloaded,https://www.gov.uk/government/publications/uk-digital-verification-services-trust-framework-1-0/uk-digital-verification-services-trust-framework-1-0-pre-release
7,UK_GPG45_DataSchema,https://www.gov.uk/government/publications/uk-digital-verification-services-trust-framework-data-schema-1-0/data-taxonomy-data-model-and-data-dictionary-for-gpg-45,downloaded,07_영국_신뢰프레임워크\UK_GPG45_DataSchema.html,200,,156576,cf2017b5d4ef97ccc32e513a90ebfe9a86c07ffac4533049f3ae42e7f738ae93,2026-09-27T19:41:26+09:00,,downloaded,https://www.gov.uk/government/publications/uk-digital-verification-services-trust-framework-data-schema-1-0/data-taxonomy-data-model-and-data-dictionary-for-gpg-45
5,SD_JWT_VC_draft19,https://www.ietf.org/archive/id/draft-ietf-oauth-sd-jwt-vc-19.txt,downloaded,05_W3C_IETF\SD_JWT_VC_draft19.txt,200,,154916,394c4640c581c301adaf24d1d356238e2c290b5c9e8b130141ca0e28732144fb,2026-09-27T19:41:26+09:00,,downloaded,https://www.ietf.org/archive/id/draft-ietf-oauth-sd-jwt-vc-19.txt
