url,status,final_url,title,lang,error
https://interoperable-europe.ec.europa.eu/interoperable-europe,200,https://interoperable-europe.ec.europa.eu/interoperable-europe,Interoperable Europe | Interoperable Europe Portal,en,
https://interoperable-europe.ec.europa.eu/interoperable-europe/latest-news,200,https://interoperable-europe.ec.europa.eu/interoperable-europe/latest-news,News | Interoperable Europe Portal,en,
https://interoperable-europe.ec.europa.eu/interoperable-europe/events,200,https://interoperable-europe.ec.europa.eu/interoperable-europe/events,Events | Interoperable Europe Portal,en,
https://interoperable-europe.ec.europa.eu/interoperable-europe/interoperable-europe-act,200,https://interoperable-europe.ec.europa.eu/interoperable-europe/interoperable-europe-act,Interoperable Europe Act | Interoperable Europe Portal,en,
https://interoperable-europe.ec.europa.eu/collection/ai-public-sector,200,https://interoperable-europe.ec.europa.eu/collection/ai-public-sector,AI in the public sector | Interoperable Europe Portal,en,
https://interoperable-europe.ec.europa.eu/collection/digital-ready-policymaking,200,https://interoperable-europe.ec.europa.eu/collection/digital-ready-policymaking,Digital-ready Policymaking | Interoperable Europe Portal,en,
https://interoperable-europe.ec.europa.eu/interoperable-europe/faqs,200,https://interoperable-europe.ec.europa.eu/interoperable-europe/faqs,FAQs | Interoperable Europe Portal,en,
https://interoperable-europe.ec.europa.eu/interoperable_solutions,200,https://interoperable-europe.ec.europa.eu/interoperable_solutions,Solutions | Interoperable Europe Portal,en,
https://interoperable-europe.ec.europa.eu/interoperable-europe-solutions,200,https://interoperable-europe.ec.europa.eu/interoperable-europe-solutions,Interoperable Europe Solutions | Interoperable Europe Portal,en,
https://interoperable-europe.ec.europa.eu/interoperability-solutions-catalogue,200,https://interoperable-europe.ec.europa.eu/interoperability-solutions-catalogue,EU Interoperability Solutions Catalogue | Interoperable Europe Portal,en,
https://interoperable-europe.ec.europa.eu/eu-oss-catalogue,200,https://interoperable-europe.ec.europa.eu/eu-oss-catalogue,EU Open Source Solutions Catalogue | Interoperable Europe Portal,en,
https://interoperable-europe.ec.europa.eu/collection/guidelines-sharing-interoperability-solutions,200,https://interoperable-europe.ec.europa.eu/collection/guidelines-sharing-interoperability-solutions,Guidelines on Sharing Interoperability Solutions | Interoperable Europe Portal,en,
https://interoperable-europe.ec.europa.eu/collection/eupl,200,https://interoperable-europe.ec.europa.eu/collection/eupl,EUPL | Interoperable Europe Portal,en,
https://interoperable-europe.ec.europa.eu/interoperable-europe-support-centre,200,https://interoperable-europe.ec.europa.eu/interoperable-europe-support-centre,Interoperable Europe Support Centre | Interoperable Europe Portal,en,
https://interoperable-europe.ec.europa.eu/collection/portal-support,200,https://interoperable-europe.ec.europa.eu/collection/portal-support,Portal support | Interoperable Europe Portal,en,
https://interoperable-europe.ec.europa.eu/collection/semic-support-centre,200,https://interoperable-europe.ec.europa.eu/collection/semic-support-centre,SEMIC Support Centre | Interoperable Europe Portal,en,
https://interoperable-europe.ec.europa.eu/collection/open-source-observatory-osor,200,https://interoperable-europe.ec.europa.eu/collection/open-source-observatory-osor,Open Source Observatory (OSOR) | Interoperable Europe Portal,en,
https://interoperable-europe.ec.europa.eu/collection/iopeu-monitoring/european-interoperability-framework-detail,200,https://interoperable-europe.ec.europa.eu/collection/iopeu-monitoring/european-interoperability-framework-detail,The European Interoperability Framework in detail | Interoperable Europe Portal,en,
https://interoperable-europe.ec.europa.eu/collection/iopeu-monitoring,200,https://interoperable-europe.ec.europa.eu/collection/iopeu-monitoring,IOPEU Monitoring | Interoperable Europe Portal,en,
https://interoperable-europe.ec.europa.eu/collection/public-sector-tech-watch,200,https://interoperable-europe.ec.europa.eu/collection/public-sector-tech-watch,Public Sector Tech Watch | Interoperable Europe Portal,en,
https://interoperable-europe.ec.europa.eu/collection/eugovtech,200,https://interoperable-europe.ec.europa.eu/collection/eugovtech,EU GovTech | Interoperable Europe Portal,en,
https://interoperable-europe.ec.europa.eu/collection/interoperability-architecture-solutions,200,https://interoperable-europe.ec.europa.eu/collection/interoperability-architecture-solutions,Interoperability Architecture Solutions | Interoperable Europe Portal,en,
https://interoperable-europe.ec.europa.eu/collection/interoperability-regulatory-sandboxes,200,https://interoperable-europe.ec.europa.eu/collection/interoperability-regulatory-sandboxes,Interoperability regulatory sandboxes | Interoperable Europe Portal,en,
https://interoperable-europe.ec.europa.eu/discussions,200,https://interoperable-europe.ec.europa.eu/discussions,Forum | Interoperable Europe Portal,en,
https://interoperable-europe.ec.europa.eu/governance,200,https://interoperable-europe.ec.europa.eu/governance,Governance | Interoperable Europe Portal,en,
https://interoperable-europe.ec.europa.eu/collection/governance-board,200,https://interoperable-europe.ec.europa.eu/collection/governance-board,Interoperable Europe Board | Interoperable Europe Portal,en,
https://interoperable-europe.ec.europa.eu/collection/community,200,https://interoperable-europe.ec.europa.eu/collection/community,Interoperable Europe Community | Interoperable Europe Portal,en,
https://interoperable-europe.ec.europa.eu/national-competent-authorities,200,https://interoperable-europe.ec.europa.eu/national-competent-authorities,National competent authorities | Interoperable Europe Portal,en,
https://interoperable-europe.ec.europa.eu/collection/assessments,200,https://interoperable-europe.ec.europa.eu/collection/assessments,Interoperability assessments space | Interoperable Europe Portal,en,
https://interoperable-europe.ec.europa.eu/eu-digital-funding-opportunities,200,https://interoperable-europe.ec.europa.eu/eu-digital-funding-opportunities,EU Digital Funding Opportunities | Interoperable Europe Portal,en,
https://interoperable-europe.ec.europa.eu/eu-digital-regulations,200,https://interoperable-europe.ec.europa.eu/eu-digital-regulations,Landscape of EU digital regulations | Interoperable Europe Portal,en,
https://interoperable-europe.ec.europa.eu/collection/interoperable-europe-academy/welcome,200,https://interoperable-europe.ec.europa.eu/collection/interoperable-europe-academy,Interoperable Europe Academy | Interoperable Europe Portal,en,
https://interoperable-europe.ec.europa.eu/collection/interoperable-europe-academy/learning-paths,200,https://interoperable-europe.ec.europa.eu/collection/interoperable-europe-academy/learning-paths,Learning Paths | Interoperable Europe Portal,en,
https://interoperable-europe.ec.europa.eu/collection/interoperable-europe-academy/courses,200,https://interoperable-europe.ec.europa.eu/collection/interoperable-europe-academy/courses,Courses | Interoperable Europe Portal,en,
https://interoperable-europe.ec.europa.eu/collection/interoperable-europe-academy/policy-briefs,200,https://interoperable-europe.ec.europa.eu/collection/interoperable-europe-academy/policy-briefs,Policy briefs | Interoperable Europe Portal,en,
https://interoperable-europe.ec.europa.eu/collection/interoperable-europe-academy/curriculum,200,https://interoperable-europe.ec.europa.eu/collection/interoperable-europe-academy/curriculum,Curriculum | Interoperable Europe Portal,en,
https://interoperable-europe.ec.europa.eu/collection/interoperable-europe-academy/event/interoperable-europe-seasonal-school-2026,200,https://interoperable-europe.ec.europa.eu/collection/interoperable-europe-academy/event/interoperable-europe-seasonal-school-2026,Interoperable Europe Seasonal School 2026 | Interoperable Europe Portal,en,
https://interoperable-europe.ec.europa.eu/collection/semic-conference,200,https://interoperable-europe.ec.europa.eu/collection/semic-conference,Semic Conference | Interoperable Europe Portal,en,
https://interoperable-europe.ec.europa.eu/eulogin,200,https://ecas.ec.europa.eu/cas/login?loginRequestId=ECAS_LR-34573169-4so8KgJ4EoqcrgKTCGOFbsfdwq29l0sVAGhxyLKJeXeIhCc1aAI616q6Jq77VR245rJeOgzRMfvxKd2dw5AmZC-R2zIpfT8xjM5mJ4bj6EWvC-9d6GudDAPV3AvWWn7qhCzT7h2LihDOHyl1n82gmDq9oCQsvjMvW6XBc4FUiwkQAvQLueIWb8FRRj4SFMzmvDFa,EU Login,en,
https://interoperable-europe.ec.europa.eu/,200,https://interoperable-europe.ec.europa.eu/,Interoperable Europe Portal,en,
https://interoperable-europe.ec.europa.eu/collection/iopeu-monitoring/european-interoperability-framework-eif,200,https://interoperable-europe.ec.europa.eu/collection/iopeu-monitoring/european-interoperability-framework-eif,European Interoperability Framework (EIF) | Interoperable Europe Portal,en,
https://interoperable-europe.ec.europa.eu/collection/assessments/assessment-toolbox,200,https://interoperable-europe.ec.europa.eu/collection/assessments/assessment-toolbox,Assessment Toolbox | Interoperable Europe Portal,en,
https://interoperable-europe.ec.europa.eu/collection/assessments/report/repository,200,https://interoperable-europe.ec.europa.eu/collection/assessments/report/repository,Assessment reports | Interoperable Europe Portal,en,
https://interoperable-europe.ec.europa.eu/collection/rolling-plan-ict-standardisation/electronic-identification-and-trust-services-including-e-signatures-rp-2026,200,https://interoperable-europe.ec.europa.eu/collection/rolling-plan-ict-standardisation/electronic-identification-and-trust-services-including-e-signatures-rp-2026,Electronic identification and trust services including e-signatures (RP 2026) | Interoperable Europe Portal,en,
https://interoperable-europe.ec.europa.eu/collection/semic-support-centre/specifications,200,https://interoperable-europe.ec.europa.eu/collection/semic-support-centre/specifications,Specifications | Interoperable Europe Portal,en,
https://interoperable-europe.ec.europa.eu/collection/semic-support-centre/knowledge-hub,200,https://interoperable-europe.ec.europa.eu/collection/semic-support-centre/knowledge-hub,Knowledge Hub | Interoperable Europe Portal,en,
