제목,날짜,날짜 의미,URL,발견 페이지,확인 수준
Learn-by-doing Report #01,30/04/2026,Last update,https://interoperable-europe.ec.europa.eu/collection/assessments/document/learn-doing-report-01,https://interoperable-europe.ec.europa.eu/collection/assessments/toolbox-copy,자료실 카드 제목·날짜 확인; 개별 본문 별도 확인
Learn-by-doing Report #02,16/06/2026,Last update,https://interoperable-europe.ec.europa.eu/collection/assessments/document/learn-doing-report-02,https://interoperable-europe.ec.europa.eu/collection/assessments/toolbox-copy,자료실 카드 제목·날짜 확인; 개별 본문 별도 확인
Learn-by-doing Report #03,07/07/2026,Last update,https://interoperable-europe.ec.europa.eu/collection/assessments/document/learn-doing-report-03,https://interoperable-europe.ec.europa.eu/collection/assessments/toolbox-copy,자료실 카드 제목·날짜 확인; 개별 본문 별도 확인
Learn-by-doing Report #04,03/09/2026,Last update,https://interoperable-europe.ec.europa.eu/collection/assessments/document/learn-doing-report-04,https://interoperable-europe.ec.europa.eu/collection/assessments/toolbox-copy,자료실 카드 제목·날짜 확인; 개별 본문 별도 확인
Webinar | Artificial intelligence for digital-ready policymaking: streamlining interoperability assessments,확인 불가,,https://interoperable-europe.ec.europa.eu/collection/digital-ready-policymaking/event/webinar-artificial-intelligence-digital-ready-policymaking-streamlining-interoperability-assessments,https://interoperable-europe.ec.europa.eu/collection/assessments/toolbox-copy,자료실 카드 제목·날짜 확인; 개별 본문 별도 확인
Interoperability Assessments: Introduction,05/08/2026,Last update,https://interoperable-europe.ec.europa.eu/collection/interoperable-europe-academy/solution/interoperability-assessments-introduction,https://interoperable-europe.ec.europa.eu/collection/assessments/toolbox-copy,자료실 카드 제목·날짜 확인; 개별 본문 별도 확인
Interoperability Assessment Tool - User Manual,07/03/2025,Last update,https://interoperable-europe.ec.europa.eu/collection/assessments/document/interoperability-assessment-tool-user-manual,https://interoperable-europe.ec.europa.eu/collection/assessments/toolbox-copy,자료실 카드 제목·날짜 확인; 개별 본문 별도 확인
First regulatory sandbox on Artificial Intelligence presented,28/02/2025,Last update,https://interoperable-europe.ec.europa.eu/collection/public-sector-tech-watch/news/first-regulatory-sandbox-artificial-intelligence-presented,https://interoperable-europe.ec.europa.eu/collection/interoperability-regulatory-sandboxes/explore,자료실 카드 제목·날짜 확인; 개별 본문 별도 확인
Regional and local data-driven innovation through collective intelligence and sandboxing,26/05/2023,Last update,https://interoperable-europe.ec.europa.eu/collection/elise-european-location-interoperability-solutions-e-government/regional-and-local-data-driven-innovation-through-collective-intelligence-and-sandboxing,https://interoperable-europe.ec.europa.eu/collection/interoperability-regulatory-sandboxes/explore,자료실 카드 제목·날짜 확인; 개별 본문 별도 확인
Regulatory learning in experimentation spaces,20/10/2023,Last update,https://interoperable-europe.ec.europa.eu/collection/sipg/document/regulatory-learning-experimentation-spaces,https://interoperable-europe.ec.europa.eu/collection/interoperability-regulatory-sandboxes/know-more,자료실 카드 제목·날짜 확인; 개별 본문 별도 확인
Save the date: SEMIC 2026 is coming to Dublin on 30 November,확인 불가,,https://interoperable-europe.ec.europa.eu/interoperable-europe/event/save-date-semic-2026-coming-dublin-30-november,https://interoperable-europe.ec.europa.eu/interoperable-europe/events,자료실 카드 제목·날짜 확인; 개별 본문 별도 확인
Registration for SEMIC 2026 is now open: join Europe's interoperability community in Dublin,확인 불가,,https://interoperable-europe.ec.europa.eu/interoperable-europe/event/registration-semic-2026-now-open-join-europes-interoperability-community-dublin,https://interoperable-europe.ec.europa.eu/,자료실 카드 제목·날짜 확인; 개별 본문 별도 확인
Register for the Interoperable Europe Academy Seasonal School 2026,확인 불가,,https://interoperable-europe.ec.europa.eu/interoperable-europe/event/register-interoperable-europe-academy-seasonal-school-2026,https://interoperable-europe.ec.europa.eu/interoperable-europe/events,자료실 카드 제목·날짜 확인; 개별 본문 별도 확인
Save the date: Interoperable Europe at EU Open Day 2026,확인 불가,,https://interoperable-europe.ec.europa.eu/interoperable-europe/event/save-date-interoperable-europe-eu-open-day-2026,https://interoperable-europe.ec.europa.eu/interoperable-europe/events,자료실 카드 제목·날짜 확인; 개별 본문 별도 확인
Registration for SEMIC 2025 is officially open! Reserve your spot now!,확인 불가,,https://interoperable-europe.ec.europa.eu/interoperable-europe/event/registration-semic-2025-officially-open-reserve-your-spot-now,https://interoperable-europe.ec.europa.eu/interoperable-europe/events,자료실 카드 제목·날짜 확인; 개별 본문 별도 확인
Register to attend the first Annual Assembly of the Interoperable Europe Community,확인 불가,,https://interoperable-europe.ec.europa.eu/interoperable-europe/event/register-attend-first-annual-assembly-interoperable-europe-community,https://interoperable-europe.ec.europa.eu/interoperable-europe/events,자료실 카드 제목·날짜 확인; 개별 본문 별도 확인
Discover Interoperable Europe’s line-up for ENDORSE 2025!,확인 불가,,https://interoperable-europe.ec.europa.eu/interoperable-europe/event/discover-interoperable-europes-line-endorse-2025,https://interoperable-europe.ec.europa.eu/interoperable-europe/events,자료실 카드 제목·날짜 확인; 개별 본문 별도 확인
Save the Date: EU Open Day 2025 on 10th May!,확인 불가,,https://interoperable-europe.ec.europa.eu/interoperable-europe/event/save-date-eu-open-day-2025-10th-may,https://interoperable-europe.ec.europa.eu/interoperable-europe/events,자료실 카드 제목·날짜 확인; 개별 본문 별도 확인
Now disclosed: The agenda of the Interoperable Europe Academy Seasonal School 2025,확인 불가,,https://interoperable-europe.ec.europa.eu/interoperable-europe/event/now-disclosed-agenda-interoperable-europe-academy-seasonal-school-2025,https://interoperable-europe.ec.europa.eu/interoperable-europe/events,자료실 카드 제목·날짜 확인; 개별 본문 별도 확인
Mark your calendar: SEMIC 2025 is set for 25-26 November,확인 불가,,https://interoperable-europe.ec.europa.eu/interoperable-europe/event/mark-your-calendar-semic-2025-set-25-26-november,https://interoperable-europe.ec.europa.eu/interoperable-europe/events,자료실 카드 제목·날짜 확인; 개별 본문 별도 확인
Save your spot: The Interoperable Europe Academy Seasonal School 2025,확인 불가,,https://interoperable-europe.ec.europa.eu/interoperable-europe/event/save-your-spot-interoperable-europe-academy-seasonal-school-2025,https://interoperable-europe.ec.europa.eu/interoperable-europe/events,자료실 카드 제목·날짜 확인; 개별 본문 별도 확인
Registration for the SEMIC 2024 conference is open. Secure your seat now!,확인 불가,,https://interoperable-europe.ec.europa.eu/interoperable-europe/event/registration-semic-2024-conference-open-secure-your-seat-now,https://interoperable-europe.ec.europa.eu/interoperable-europe/events,자료실 카드 제목·날짜 확인; 개별 본문 별도 확인
Federal Law on the Designation of the Central Contact Point and the Authority Responsible for the Recognition of Strategic Projects,13/08/2026,Published,https://interoperable-europe.ec.europa.eu/collection/assessments/report/2803,https://interoperable-europe.ec.europa.eu/collection/assessments/report/repository,자료실 카드 제목·날짜 확인; 개별 본문 별도 확인
Implementing Decisions on the Prüm Router and EPRIS,27/07/2026,Published,https://interoperable-europe.ec.europa.eu/collection/assessments/report/2786,https://interoperable-europe.ec.europa.eu/collection/assessments/report/repository,자료실 카드 제목·날짜 확인; 개별 본문 별도 확인
Proposal for a Regulation concerning the simplification of some requirements and reduction of administrative burden,20/07/2026,Published,https://interoperable-europe.ec.europa.eu/collection/assessments/report/2783,https://interoperable-europe.ec.europa.eu/collection/assessments/report/repository,자료실 카드 제목·날짜 확인; 개별 본문 별도 확인
Combating firearms trafficking and other firearms-related offences,08/07/2026,Published,https://interoperable-europe.ec.europa.eu/collection/assessments/report/2752,https://interoperable-europe.ec.europa.eu/collection/assessments/report/repository,자료실 카드 제목·날짜 확인; 개별 본문 별도 확인
Ukraine Support Loan for 2026 and 2027,08/07/2026,Published,https://interoperable-europe.ec.europa.eu/collection/assessments/report/2739,https://interoperable-europe.ec.europa.eu/collection/assessments/report/repository,자료실 카드 제목·날짜 확인; 개별 본문 별도 확인
Establishment of the Ukraine Facility,08/07/2026,Published,https://interoperable-europe.ec.europa.eu/collection/assessments/report/2729,https://interoperable-europe.ec.europa.eu/collection/assessments/report/repository,자료실 카드 제목·날짜 확인; 개별 본문 별도 확인
Guidelines for trans-European energy infrastructure,08/07/2026,Published,https://interoperable-europe.ec.europa.eu/collection/assessments/report/2722,https://interoperable-europe.ec.europa.eu/collection/assessments/report/repository,자료실 카드 제목·날짜 확인; 개별 본문 별도 확인
European Biotech Act,08/07/2026,Published,https://interoperable-europe.ec.europa.eu/collection/assessments/report/2547,https://interoperable-europe.ec.europa.eu/collection/assessments/report/repository,자료실 카드 제목·날짜 확인; 개별 본문 별도 확인
Further development of capital market integration and supervision within the Union,08/07/2026,Published,https://interoperable-europe.ec.europa.eu/collection/assessments/report/2372,https://interoperable-europe.ec.europa.eu/collection/assessments/report/repository,자료실 카드 제목·날짜 확인; 개별 본문 별도 확인
Extension of scope of Regulation (EU) 2023/956 to downstream goods and anti-circumvention measures,08/07/2026,Published,https://interoperable-europe.ec.europa.eu/collection/assessments/report/2368,https://interoperable-europe.ec.europa.eu/collection/assessments/report/repository,자료실 카드 제목·날짜 확인; 개별 본문 별도 확인
Simplifying and reducing the burden of the rules on medical devices and in vitro diagnostic medical devices,07/07/2026,Published,https://interoperable-europe.ec.europa.eu/collection/assessments/report/2340,https://interoperable-europe.ec.europa.eu/collection/assessments/report/repository,자료실 카드 제목·날짜 확인; 개별 본문 별도 확인
Acceleration of permit-granting procedures,07/07/2026,Published,https://interoperable-europe.ec.europa.eu/collection/assessments/report/2335,https://interoperable-europe.ec.europa.eu/collection/assessments/report/repository,자료실 카드 제목·날짜 확인; 개별 본문 별도 확인
Monitoring and controlling drug precursors,07/07/2026,Published,https://interoperable-europe.ec.europa.eu/collection/assessments/report/2328,https://interoperable-europe.ec.europa.eu/collection/assessments/report/repository,자료실 카드 제목·날짜 확인; 개별 본문 별도 확인
Speeding-up environmental assessments,07/07/2026,Published,https://interoperable-europe.ec.europa.eu/collection/assessments/report/2282,https://interoperable-europe.ec.europa.eu/collection/assessments/report/repository,자료실 카드 제목·날짜 확인; 개별 본문 별도 확인
Proposal for settlement finality legislation,07/07/2026,Published,https://interoperable-europe.ec.europa.eu/collection/assessments/report/2253,https://interoperable-europe.ec.europa.eu/collection/assessments/report/repository,자료실 카드 제목·날짜 확인; 개별 본문 별도 확인
Simplification of some requirements and reduction of administrative burden,07/07/2026,Published,https://interoperable-europe.ec.europa.eu/collection/assessments/report/2212,https://interoperable-europe.ec.europa.eu/collection/assessments/report/repository,자료실 카드 제목·날짜 확인; 개별 본문 별도 확인
Simplification of technical requirements and testing procedures for motor vehicles,07/07/2026,Published,https://interoperable-europe.ec.europa.eu/collection/assessments/report/2199,https://interoperable-europe.ec.europa.eu/collection/assessments/report/repository,자료실 카드 제목·날짜 확인; 개별 본문 별도 확인
Simplification of certain requirements for the establishment of the Infrastructure for Spatial Information in the Union,07/07/2026,Published,https://interoperable-europe.ec.europa.eu/collection/assessments/report/2183,https://interoperable-europe.ec.europa.eu/collection/assessments/report/repository,자료실 카드 제목·날짜 확인; 개별 본문 별도 확인
Digitale Identitätengesetz (DIdG),07/07/2026,Published,https://interoperable-europe.ec.europa.eu/collection/assessments/report/2127,https://interoperable-europe.ec.europa.eu/collection/assessments/report/repository,자료실 카드 제목·날짜 확인; 개별 본문 별도 확인
eIDAS Implementing Acts Batch 6,23/06/2026,Published,https://interoperable-europe.ec.europa.eu/collection/assessments/report/2175,https://interoperable-europe.ec.europa.eu/collection/assessments/report/repository,자료실 카드 제목·날짜 확인; 개별 본문 별도 확인
What are your thoughts on the EUPL License?,확인 불가,,https://interoperable-europe.ec.europa.eu/collection/eupl/discussion/what-are-your-thoughts-eupl-license,https://interoperable-europe.ec.europa.eu/discussions,자료실 카드 제목·날짜 확인; 개별 본문 별도 확인
Who is using EUPL?,확인 불가,,https://interoperable-europe.ec.europa.eu/collection/eupl/discussion/who-using-eupl,https://interoperable-europe.ec.europa.eu/collection/eupl,자료실 카드 제목·날짜 확인; 개별 본문 별도 확인
Clarifying the EUPL Compatibility Clause ?,확인 불가,,https://interoperable-europe.ec.europa.eu/collection/eupl/discussion/clarifying-eupl-compatibility-clause,https://interoperable-europe.ec.europa.eu/collection/eupl,자료실 카드 제목·날짜 확인; 개별 본문 별도 확인
Copyright : time to update law on computer program protection?,확인 불가,,https://interoperable-europe.ec.europa.eu/collection/eupl/discussion/copyright-time-update-law-computer-program-protection,https://interoperable-europe.ec.europa.eu/discussions,자료실 카드 제목·날짜 확인; 개별 본문 별도 확인
Organizational interoperability,확인 불가,,https://interoperable-europe.ec.europa.eu/collection/eugovtech/discussion/organizational-interoperability,https://interoperable-europe.ec.europa.eu/discussions,자료실 카드 제목·날짜 확인; 개별 본문 별도 확인
Share your perspective on AI-based solutions for legislative drafting in the EU,확인 불가,,https://interoperable-europe.ec.europa.eu/collection/justice-law-and-security/solution/leos-open-source-software-editing-legislation/discussion/share-your-perspective-ai-based-solutions-legislative-drafting-eu,https://interoperable-europe.ec.europa.eu/discussions,자료실 카드 제목·날짜 확인; 개별 본문 별도 확인
Chamilo LMS: How to put the learner at the center of training,확인 불가,,https://interoperable-europe.ec.europa.eu/collection/education-culture-and-sport/solution/chamilo-lms/discussion/chamilo-lms-how-put-learner-center-training,https://interoperable-europe.ec.europa.eu/discussions,자료실 카드 제목·날짜 확인; 개별 본문 별도 확인
Welcome,16/09/2025,Last update,https://interoperable-europe.ec.europa.eu/collection/interoperability-architecture-solutions/solution/idpsio/welcome,https://interoperable-europe.ec.europa.eu/collection/interoperability-architecture-solutions/solution/idpsio/welcome-old,자료실 카드 제목·날짜 확인; 개별 본문 별도 확인
IDPSIO,확인 불가,,https://interoperable-europe.ec.europa.eu/collection/interoperability-architecture-solutions/solution/idpsio/release/v210,https://interoperable-europe.ec.europa.eu/collection/interoperability-architecture-solutions/solution/idpsio/welcome-old,자료실 카드 제목·날짜 확인; 개별 본문 별도 확인
IDPSIO,확인 불가,,https://interoperable-europe.ec.europa.eu/collection/interoperability-architecture-solutions/solution/idpsio/release/v200,https://interoperable-europe.ec.europa.eu/collection/interoperability-architecture-solutions/solution/idpsio/welcome-old,자료실 카드 제목·날짜 확인; 개별 본문 별도 확인
IDPSIO,확인 불가,,https://interoperable-europe.ec.europa.eu/collection/interoperability-architecture-solutions/solution/idpsio/release/v101,https://interoperable-europe.ec.europa.eu/collection/interoperability-architecture-solutions/solution/idpsio/welcome-old,자료실 카드 제목·날짜 확인; 개별 본문 별도 확인
IDPSIO,확인 불가,,https://interoperable-europe.ec.europa.eu/collection/interoperability-architecture-solutions/solution/idpsio/release/v100-beta,https://interoperable-europe.ec.europa.eu/collection/interoperability-architecture-solutions/solution/idpsio/welcome-old,자료실 카드 제목·날짜 확인; 개별 본문 별도 확인
"Join the OSOR Webinar ""Public Administrations and the EU Open Source Strategy"" on 24 September",확인 불가,,https://interoperable-europe.ec.europa.eu/collection/open-source-observatory-osor/event/join-osor-webinar-public-administrations-and-eu-open-source-strategy-24-september,https://interoperable-europe.ec.europa.eu/collection/open-source-observatory-osor,자료실 카드 제목·날짜 확인; 개별 본문 별도 확인
Key Takeaways: OSOR Workshop on Open Source AI,03/07/2026,Last update,https://interoperable-europe.ec.europa.eu/collection/open-source-observatory-osor/news/key-takeaways-osor-workshop-open-source-ai,https://interoperable-europe.ec.europa.eu/collection/open-source-observatory-osor/osor-events,자료실 카드 제목·날짜 확인; 개별 본문 별도 확인
Key Takeaways from the OSOR Community Meetup,20/02/2026,Last update,https://interoperable-europe.ec.europa.eu/collection/open-source-observatory-osor/news/key-takeaways-osor-community-meetup,https://interoperable-europe.ec.europa.eu/collection/open-source-observatory-osor/osor-events,자료실 카드 제목·날짜 확인; 개별 본문 별도 확인
Key takeaways: OSOR Webinar on the Interoperable Europe Act (IEA),08/12/2025,Last update,https://interoperable-europe.ec.europa.eu/collection/open-source-observatory-osor/news/key-takeaways-osor-webinar-interoperable-europe-act-iea,https://interoperable-europe.ec.europa.eu/collection/open-source-observatory-osor/osor-events,자료실 카드 제목·날짜 확인; 개별 본문 별도 확인
Key Takeaways: OSOR Workshop on Public Procurement of OSS,24/10/2025,Last update,https://interoperable-europe.ec.europa.eu/collection/open-source-observatory-osor/news/key-takeaways-osor-workshop-public-procurement-oss,https://interoperable-europe.ec.europa.eu/collection/open-source-observatory-osor/osor-events,자료실 카드 제목·날짜 확인; 개별 본문 별도 확인
Key takeaways: OSOR Webinar on Open Source in Local Government,16/10/2025,Last update,https://interoperable-europe.ec.europa.eu/collection/open-source-observatory-osor/news/key-takeaways-osor-webinar-open-source-local-government,https://interoperable-europe.ec.europa.eu/collection/open-source-observatory-osor/osor-events,자료실 카드 제목·날짜 확인; 개별 본문 별도 확인
Key takeaways from the workshop on Funding Open Source,17/07/2025,Last update,https://interoperable-europe.ec.europa.eu/collection/open-source-observatory-osor/news/key-takeaways-workshop-funding-open-source,https://interoperable-europe.ec.europa.eu/collection/open-source-observatory-osor/funding-opportunities-open-source-software-projects-public-sector,자료실 카드 제목·날짜 확인; 개별 본문 별도 확인
Event key takeaways: spotlight on OSPOs in the public sector,27/06/2025,Last update,https://interoperable-europe.ec.europa.eu/collection/open-source-observatory-osor/news/event-key-takeaways-spotlight-ospos-public-sector,https://interoperable-europe.ec.europa.eu/collection/open-source-observatory-osor/osor-events,자료실 카드 제목·날짜 확인; 개별 본문 별도 확인
Learn-by-doing Report #04,03/09/2026,Last update,https://interoperable-europe.ec.europa.eu/collection/assessments/news/learn-doing-report-04,https://interoperable-europe.ec.europa.eu/collection/assessments/assessment-forum,자료실 카드 제목·날짜 확인; 개별 본문 별도 확인
Sessions on the Assessment Toolbox in the Seasonal School 2026,15/07/2026,Last update,https://interoperable-europe.ec.europa.eu/collection/assessments/news/sessions-assessment-toolbox-seasonal-school-2026,https://interoperable-europe.ec.europa.eu/collection/assessments/assessment-forum,자료실 카드 제목·날짜 확인; 개별 본문 별도 확인
Interoperability assessment success story | Ukraine,25/08/2026,Last update,https://interoperable-europe.ec.europa.eu/collection/assessments/news/interoperability-assessment-success-story-ukraine,https://interoperable-europe.ec.europa.eu/collection/assessments/assessment-forum,자료실 카드 제목·날짜 확인; 개별 본문 별도 확인
Learn-by-doing report #03,08/07/2026,Last update,https://interoperable-europe.ec.europa.eu/collection/assessments/news/learn-doing-report-03,https://interoperable-europe.ec.europa.eu/collection/assessments/assessment-forum,자료실 카드 제목·날짜 확인; 개별 본문 별도 확인
Learn-by-doing report #02,16/06/2026,Last update,https://interoperable-europe.ec.europa.eu/collection/assessments/news/learn-doing-report-02,https://interoperable-europe.ec.europa.eu/collection/assessments/assessment-forum,자료실 카드 제목·날짜 확인; 개별 본문 별도 확인
Interoperability assessment success story | Romania,05/05/2026,Last update,https://interoperable-europe.ec.europa.eu/collection/assessments/news/interoperability-assessment-success-story-romania,https://interoperable-europe.ec.europa.eu/collection/assessments/assessment-forum,자료실 카드 제목·날짜 확인; 개별 본문 별도 확인
Interoperability assessment success story | Italy,05/05/2026,Last update,https://interoperable-europe.ec.europa.eu/collection/assessments/news/interoperability-assessment-success-story-italy,https://interoperable-europe.ec.europa.eu/collection/assessments/assessment-forum,자료실 카드 제목·날짜 확인; 개별 본문 별도 확인
Interoperability assessment success story | Luxembourg,05/05/2026,Last update,https://interoperable-europe.ec.europa.eu/collection/assessments/news/interoperability-assessment-success-story-luxembourg,https://interoperable-europe.ec.europa.eu/collection/assessments/assessment-forum,자료실 카드 제목·날짜 확인; 개별 본문 별도 확인
Interoperability assessment success story | Poland,05/05/2026,Last update,https://interoperable-europe.ec.europa.eu/collection/assessments/news/interoperability-assessment-success-story-poland,https://interoperable-europe.ec.europa.eu/collection/assessments/assessment-forum,자료실 카드 제목·날짜 확인; 개별 본문 별도 확인
Learn-by-doing report #01,30/04/2026,Last update,https://interoperable-europe.ec.europa.eu/collection/assessments/news/learn-doing-report-01,https://interoperable-europe.ec.europa.eu/collection/assessments/assessment-forum,자료실 카드 제목·날짜 확인; 개별 본문 별도 확인
Guidance for tool to report interoperability assessments V2,09/03/2026,Last update,https://interoperable-europe.ec.europa.eu/collection/assessments/news/guidance-tool-report-interoperability-assessments-v2,https://interoperable-europe.ec.europa.eu/collection/assessments/assessment-forum,자료실 카드 제목·날짜 확인; 개별 본문 별도 확인
Interoperability assessment success story | Czech Republic,18/12/2025,Last update,https://interoperable-europe.ec.europa.eu/collection/assessments/news/interoperability-assessment-success-story-czech-republic,https://interoperable-europe.ec.europa.eu/collection/assessments/assessment-forum,자료실 카드 제목·날짜 확인; 개별 본문 별도 확인
Interoperable Europe Community Talk #5 | Digital-ready policymaking in practice: Introducing the Open DRPM Framework,확인 불가,,https://interoperable-europe.ec.europa.eu/collection/community/event/interoperable-europe-community-talk-5-digital-ready-policymaking-practice-introducing-open-drpm,https://interoperable-europe.ec.europa.eu/collection/assessments/assessment-forum,자료실 카드 제목·날짜 확인; 개별 본문 별도 확인
DRPM Webinar | Mosaico - Portugal's model for designing digital public services,확인 불가,,https://interoperable-europe.ec.europa.eu/collection/digital-ready-policymaking/event/drpm-webinar-mosaico-portugals-model-designing-digital-public-services,https://interoperable-europe.ec.europa.eu/collection/interoperability-architecture-solutions/welcome,자료실 카드 제목·날짜 확인; 개별 본문 별도 확인
Final report on the study supporting the implementation of interoperability assessments in EU public administrations,22/12/2025,Last update,https://interoperable-europe.ec.europa.eu/collection/assessments/document/final-report-study-supporting-implementation-interoperability-assessments-eu-public-administrations,https://interoperable-europe.ec.europa.eu/collection/assessments/assessment-forum,자료실 카드 제목·날짜 확인; 개별 본문 별도 확인
Supporting EU policy implementation with  co-creation,13/01/2025,Last update,https://interoperable-europe.ec.europa.eu/collection/assessments/document/supporting-eu-policy-implementation-co-creation,https://interoperable-europe.ec.europa.eu/collection/assessments/assessment-forum,자료실 카드 제목·날짜 확인; 개별 본문 별도 확인
"Interoperability Assessments: Exploring expected benefits, efforts and challenges",08/01/2025,Last update,https://interoperable-europe.ec.europa.eu/collection/assessments/document/interoperability-assessments-exploring-expected-benefits-efforts-and-challenges,https://interoperable-europe.ec.europa.eu/collection/assessments/assessment-forum,자료실 카드 제목·날짜 확인; 개별 본문 별도 확인
What are the best strategies for effective coordination of IOPAs in light of the proportionality principle?,30/10/2025,Last update,https://interoperable-europe.ec.europa.eu/collection/assessments/document/what-are-best-strategies-effective-coordination-iopas-light-proportionality-principle,https://interoperable-europe.ec.europa.eu/collection/assessments/assessment-forum,자료실 카드 제목·날짜 확인; 개별 본문 별도 확인
How to identify binding requirements: creation of a repository and use of automation,30/10/2025,Last update,https://interoperable-europe.ec.europa.eu/collection/assessments/document/how-identify-binding-requirements-creation-repository-and-use-automation,https://interoperable-europe.ec.europa.eu/collection/assessments/assessment-forum,자료실 카드 제목·날짜 확인; 개별 본문 별도 확인
How to develop a catalogue of interoperability solutions in the Interoperable Europe Portal to support interoperability assessments,30/10/2025,Last update,https://interoperable-europe.ec.europa.eu/collection/assessments/document/how-develop-catalogue-interoperability-solutions-interoperable-europe-portal-support,https://interoperable-europe.ec.europa.eu/collection/assessments/assessment-forum,자료실 카드 제목·날짜 확인; 개별 본문 별도 확인
How to address skill gaps and enhance capacity-building efforts at various administration levels,30/10/2025,Last update,https://interoperable-europe.ec.europa.eu/collection/assessments/document/how-address-skill-gaps-and-enhance-capacity-building-efforts-various-administration-levels,https://interoperable-europe.ec.europa.eu/collection/assessments/assessment-forum,자료실 카드 제목·날짜 확인; 개별 본문 별도 확인
How to identify and document binding requirements,30/10/2025,Last update,https://interoperable-europe.ec.europa.eu/collection/assessments/document/how-identify-and-document-binding-requirements,https://interoperable-europe.ec.europa.eu/collection/assessments/assessment-forum,자료실 카드 제목·날짜 확인; 개별 본문 별도 확인
Commission publishes first Annual Report on Interoperability,05/02/2026,Last update,https://interoperable-europe.ec.europa.eu/interoperable-europe/news/commission-publishes-first-annual-report-interoperability,https://interoperable-europe.ec.europa.eu/collection/iopeu-monitoring/overview,자료실 카드 제목·날짜 확인; 개별 본문 별도 확인
The Interoperable Europe Act: A Proposed Monitoring Framework,21/06/2025,Last update,https://interoperable-europe.ec.europa.eu/collection/iopeu-monitoring/document/interoperable-europe-act-proposed-monitoring-framework,https://interoperable-europe.ec.europa.eu/collection/iopeu-monitoring/overview,자료실 카드 제목·날짜 확인; 개별 본문 별도 확인
Co-creation workshops on the monitoring of the Interoperable Europe Act,19/11/2024,Last update,https://interoperable-europe.ec.europa.eu/collection/sipg/document/co-creation-workshops-monitoring-interoperable-europe-act,https://interoperable-europe.ec.europa.eu/collection/iopeu-monitoring/eu-monitoring-reports,자료실 카드 제목·날짜 확인; 개별 본문 별도 확인
Identifying opportunities for streamlining European monitoring of digital policies,20/10/2023,Last update,https://interoperable-europe.ec.europa.eu/collection/sipg/document/identifying-opportunities-streamlining-european-monitoring-digital-policies,https://interoperable-europe.ec.europa.eu/collection/iopeu-monitoring/eu-monitoring-reports,자료실 카드 제목·날짜 확인; 개별 본문 별도 확인
Landscaping the monitoring of interoperability and digital transformation,20/10/2023,Last update,https://interoperable-europe.ec.europa.eu/collection/sipg/document/landscaping-monitoring-interoperability-and-digital-transformation,https://interoperable-europe.ec.europa.eu/collection/iopeu-monitoring/eu-monitoring-reports,자료실 카드 제목·날짜 확인; 개별 본문 별도 확인
Publication of the 2023 edition of the State-of-play report,10/11/2023,Last update,https://interoperable-europe.ec.europa.eu/collection/iopeu-monitoring/news/publication-2023-edition-state-play-report,https://interoperable-europe.ec.europa.eu/collection/iopeu-monitoring/eu-monitoring-reports,자료실 카드 제목·날짜 확인; 개별 본문 별도 확인
The 2022 edition of the State-of-Play report is out!,19/06/2025,Last update,https://interoperable-europe.ec.europa.eu/collection/iopeu-monitoring/news/2022-edition-state-play-report-out,https://interoperable-europe.ec.europa.eu/collection/iopeu-monitoring/eu-monitoring-reports,자료실 카드 제목·날짜 확인; 개별 본문 별도 확인
PSTW Webinar series | Trust Matters: Citizens and AI in the Public Sector,확인 불가,,https://interoperable-europe.ec.europa.eu/collection/public-sector-tech-watch/event/pstw-webinar-series-trust-matters-citizens-and-ai-public-sector,https://interoperable-europe.ec.europa.eu/,자료실 카드 제목·날짜 확인; 개별 본문 별도 확인
Interoperable Europe Community Talk #6 | LEOS and EdiT: Advancing collaborative and interoperable legislative drafting,확인 불가,,https://interoperable-europe.ec.europa.eu/collection/community/event/interoperable-europe-community-talk-6-leos-and-edit-advancing-collaborative-and-interoperable,https://interoperable-europe.ec.europa.eu/,자료실 카드 제목·날짜 확인; 개별 본문 별도 확인
"User comments, Academy badges, and collection subpages",25/09/2026,Last update,https://interoperable-europe.ec.europa.eu/collection/portal-support/news/user-comments-academy-badges-and-collection-subpages,https://interoperable-europe.ec.europa.eu/,자료실 카드 제목·날짜 확인; 개별 본문 별도 확인
Explore IopArch suggestions for summer,17/08/2026,Last update,https://interoperable-europe.ec.europa.eu/collection/interoperability-architecture-solutions/news/explore-ioparch-suggestions-summer,https://interoperable-europe.ec.europa.eu/collection/interoperability-architecture-solutions/welcome,자료실 카드 제목·날짜 확인; 개별 본문 별도 확인
Explore Interoperability Architecture Solutions success stories,29/07/2026,Last update,https://interoperable-europe.ec.europa.eu/collection/interoperability-architecture-solutions/news/explore-interoperability-architecture-solutions-success-stories,https://interoperable-europe.ec.europa.eu/collection/interoperability-architecture-solutions/welcome,자료실 카드 제목·날짜 확인; 개별 본문 별도 확인
DG EAC and DIGIT strengthen interoperability in education,27/04/2026,Last update,https://interoperable-europe.ec.europa.eu/collection/interoperability-architecture-solutions/news/dg-eac-and-digit-strengthen-interoperability-education,https://interoperable-europe.ec.europa.eu/collection/interoperability-architecture-solutions/success-stories,자료실 카드 제목·날짜 확인; 개별 본문 별도 확인
DG TAXUD and DIGIT strengthen tax systems interoperability,17/04/2026,Last update,https://interoperable-europe.ec.europa.eu/collection/interoperability-architecture-solutions/news/dg-taxud-and-digit-strengthen-tax-systems-interoperability,https://interoperable-europe.ec.europa.eu/collection/interoperability-architecture-solutions/success-stories,자료실 카드 제목·날짜 확인; 개별 본문 별도 확인
DG TAXUD and DIGIT cooperating for interoperable tax systems,14/09/2026,Last update,https://interoperable-europe.ec.europa.eu/collection/interoperability-architecture-solutions/news/dg-taxud-and-digit-cooperating-interoperable-tax-systems,https://interoperable-europe.ec.europa.eu/collection/interoperability-architecture-solutions/welcome,자료실 카드 제목·날짜 확인; 개별 본문 별도 확인
GovStack,10/09/2026,Last update,https://interoperable-europe.ec.europa.eu/collection/interoperability-architecture-solutions/solution/govstack,https://interoperable-europe.ec.europa.eu/collection/interoperability-architecture-solutions/welcome,자료실 카드 제목·날짜 확인; 개별 본문 별도 확인
Unified Service Management (USM) Method,20/09/2026,Last update,https://interoperable-europe.ec.europa.eu/collection/interoperability-architecture-solutions/solution/unified-service-management-usm-method,https://interoperable-europe.ec.europa.eu/collection/interoperability-architecture-solutions/welcome,자료실 카드 제목·날짜 확인; 개별 본문 별도 확인
DIGIT and myHealth@myHands cooperate for secure health management,03/08/2026,Last update,https://interoperable-europe.ec.europa.eu/collection/interoperability-architecture-solutions/news/digit-and-myhealthmyhands-cooperate-secure-health-management,https://interoperable-europe.ec.europa.eu/collection/interoperability-architecture-solutions/success-stories,자료실 카드 제목·날짜 확인; 개별 본문 별도 확인
DIGIT and myHealth@myHands cooperating for health data exchange,03/08/2026,Last update,https://interoperable-europe.ec.europa.eu/collection/interoperability-architecture-solutions/news/digit-and-myhealthmyhands-cooperating-health-data-exchange,https://interoperable-europe.ec.europa.eu/collection/interoperability-architecture-solutions/welcome,자료실 카드 제목·날짜 확인; 개별 본문 별도 확인
Interoperable Europe Academy Seasonal School 2026: join the Interoperability Architecture Solutions team,확인 불가,,https://interoperable-europe.ec.europa.eu/collection/interoperability-architecture-solutions/event/interoperable-europe-academy-seasonal-school-2026-join-interoperability-architecture-solutions-team,https://interoperable-europe.ec.europa.eu/collection/interoperability-architecture-solutions/welcome,자료실 카드 제목·날짜 확인; 개별 본문 별도 확인
News and events,20/08/2026,Last update,https://interoperable-europe.ec.europa.eu/collection/interoperability-architecture-solutions/news-and-events,https://interoperable-europe.ec.europa.eu/collection/interoperability-architecture-solutions/welcome,자료실 카드 제목·날짜 확인; 개별 본문 별도 확인
Key takeaways: Guidelines on Sharing IOP Solutions Webinar,30/06/2026,Last update,https://interoperable-europe.ec.europa.eu/collection/guidelines-sharing-interoperability-solutions/news/key-takeaways-guidelines-sharing-iop-solutions-webinar,https://interoperable-europe.ec.europa.eu/collection/guidelines-sharing-interoperability-solutions,자료실 카드 제목·날짜 확인; 개별 본문 별도 확인
Guidelines to support share and reuse of IOP solutions,22/06/2026,Last update,https://interoperable-europe.ec.europa.eu/collection/community/news/guidelines-support-share-and-reuse-iop-solutions,https://interoperable-europe.ec.europa.eu/collection/guidelines-sharing-interoperability-solutions,자료실 카드 제목·날짜 확인; 개별 본문 별도 확인
Join the Webinar: Navigating the Guidelines on Sharing Interoperability Solutions!,확인 불가,,https://interoperable-europe.ec.europa.eu/collection/community/event/join-webinar-navigating-guidelines-sharing-interoperability-solutions,https://interoperable-europe.ec.europa.eu/collection/guidelines-sharing-interoperability-solutions,자료실 카드 제목·날짜 확인; 개별 본문 별도 확인
Key outcomes from the third Interoperable Europe Board meeting,03/02/2026,Last update,https://interoperable-europe.ec.europa.eu/interoperable-europe/news/key-outcomes-third-interoperable-europe-board-meeting,https://interoperable-europe.ec.europa.eu/collection/governance-board/welcome,자료실 카드 제목·날짜 확인; 개별 본문 별도 확인
Second meeting of the Interoperable Europe Board,28/05/2025,Last update,https://interoperable-europe.ec.europa.eu/interoperable-europe/news/second-meeting-interoperable-europe-board,https://interoperable-europe.ec.europa.eu/collection/governance-board/welcome,자료실 카드 제목·날짜 확인; 개별 본문 별도 확인
Interoperable Europe Board holds first meeting,20/12/2024,Last update,https://interoperable-europe.ec.europa.eu/interoperable-europe/news/interoperable-europe-board-holds-first-meeting,https://interoperable-europe.ec.europa.eu/collection/governance-board/welcome,자료실 카드 제목·날짜 확인; 개별 본문 별도 확인
Interview with Maria Leek on the Interoperable Europe Board,11/12/2024,Last update,https://interoperable-europe.ec.europa.eu/interoperable-europe/news/interview-maria-leek-interoperable-europe-board,https://interoperable-europe.ec.europa.eu/collection/governance-board/welcome,자료실 카드 제목·날짜 확인; 개별 본문 별도 확인
Publication of the 2025 Digital Public Administration Factsheets,16/12/2025,Last update,https://interoperable-europe.ec.europa.eu/collection/iopeu-monitoring/news/publication-2025-digital-public-administration-factsheets,https://interoperable-europe.ec.europa.eu/collection/iopeu-monitoring/overview,자료실 카드 제목·날짜 확인; 개별 본문 별도 확인
Finland and Portugal: Best practice exchange on base registries,02/10/2025,Last update,https://interoperable-europe.ec.europa.eu/collection/iopeu-monitoring/news/finland-and-portugal-best-practice-exchange-base-registries,https://interoperable-europe.ec.europa.eu/collection/iopeu-monitoring/overview,자료실 카드 제목·날짜 확인; 개별 본문 별도 확인
July’s highlighted content and updates on the Portal,07/08/2025,Last update,https://interoperable-europe.ec.europa.eu/collection/portal-support/news/julys-highlighted-content-and-updates-portal,https://interoperable-europe.ec.europa.eu/collection/iopeu-monitoring/overview,자료실 카드 제목·날짜 확인; 개별 본문 별도 확인
A deep dive into the Interoperable Europe Monitoring Mechanism,08/07/2025,Last update,https://interoperable-europe.ec.europa.eu/collection/iopeu-monitoring/news/deep-dive-interoperable-europe-monitoring-mechanism,https://interoperable-europe.ec.europa.eu/collection/iopeu-monitoring/overview,자료실 카드 제목·날짜 확인; 개별 본문 별도 확인
IOPEU Roadshow in the Netherlands,19/05/2025,Last update,https://interoperable-europe.ec.europa.eu/collection/iopeu-monitoring/news/iopeu-roadshow-netherlands,https://interoperable-europe.ec.europa.eu/collection/iopeu-monitoring/overview,자료실 카드 제목·날짜 확인; 개별 본문 별도 확인
The Interoperable Europe Community has been launched,14/08/2025,Last update,https://interoperable-europe.ec.europa.eu/collection/community/news/interoperable-europe-community-has-been-launched,https://interoperable-europe.ec.europa.eu/collection/iopeu-monitoring/overview,자료실 카드 제목·날짜 확인; 개별 본문 별도 확인
Roadshow in Portugal,15/04/2025,Last update,https://interoperable-europe.ec.europa.eu/collection/semic-support-centre/news/roadshow-portugal,https://interoperable-europe.ec.europa.eu/collection/iopeu-monitoring/overview,자료실 카드 제목·날짜 확인; 개별 본문 별도 확인
Discover key takeaways from the latest Roadshows,19/05/2025,Last update,https://interoperable-europe.ec.europa.eu/collection/iopeu-monitoring/news/discover-key-takeaways-latest-roadshows,https://interoperable-europe.ec.europa.eu/collection/iopeu-monitoring/overview,자료실 카드 제목·날짜 확인; 개별 본문 별도 확인
Guidelines Chapter 6: Further resources and further  development of these guidelines,08/01/2025,Last update,https://interoperable-europe.ec.europa.eu/collection/assessments/guidelines-chapter-6-further-resources-and-further-development-these-guidelines,https://interoperable-europe.ec.europa.eu/collection/assessments/guidelines-chapter-5-how-establish-sound-governance-interoperability-assessment-process-your,자료실 카드 제목·날짜 확인; 개별 본문 별도 확인
Guidelines Chapter 1: What are interoperability assessments and why are they relevant?,08/01/2025,Last update,https://interoperable-europe.ec.europa.eu/collection/assessments/guidelines-chapter-1-what-are-interoperability-assessments-and-why-are-they-relevant,https://interoperable-europe.ec.europa.eu/collection/assessments/guidelines-chapter-5-how-establish-sound-governance-interoperability-assessment-process-your,자료실 카드 제목·날짜 확인; 개별 본문 별도 확인
Guidelines Chapter 4: How to document an assessment in a comprehensive report?,09/03/2026,Last update,https://interoperable-europe.ec.europa.eu/collection/assessments/guidelines-chapter-4-how-document-assessment-comprehensive-report,https://interoperable-europe.ec.europa.eu/collection/assessments/guidelines-chapter-5-how-establish-sound-governance-interoperability-assessment-process-your,자료실 카드 제목·날짜 확인; 개별 본문 별도 확인
Guidelines Chapter 5: How to establish a sound governance of the interoperability assessment process in your organisation?,08/01/2025,Last update,https://interoperable-europe.ec.europa.eu/collection/assessments/guidelines-chapter-5-how-establish-sound-governance-interoperability-assessment-process-your,https://interoperable-europe.ec.europa.eu/collection/assessments/guidelines-chapter-1-what-are-interoperability-assessments-and-why-are-they-relevant,자료실 카드 제목·날짜 확인; 개별 본문 별도 확인
Ferrara adopted a vision that transforms data into common good.,25/09/2026,Last update,https://interoperable-europe.ec.europa.eu/collection/open-source-observatory-osor/news/ferrara-adopted-vision-transforms-data-common-good,https://interoperable-europe.ec.europa.eu/collection/open-source-observatory-osor,자료실 카드 제목·날짜 확인; 개별 본문 별도 확인
Special edition of IOE Newsletter on open source - September 2026,23/09/2026,Last update,https://interoperable-europe.ec.europa.eu/collection/open-source-observatory-osor/news/special-edition-ioe-newsletter-open-source-september-2026,https://interoperable-europe.ec.europa.eu/collection/open-source-observatory-osor,자료실 카드 제목·날짜 확인; 개별 본문 별도 확인
Switzerland releases updated study and launches new programme,17/09/2026,Last update,https://interoperable-europe.ec.europa.eu/collection/open-source-observatory-osor/news/switzerland-releases-updated-study-and-launches-new-programme,https://interoperable-europe.ec.europa.eu/collection/open-source-observatory-osor,자료실 카드 제목·날짜 확인; 개별 본문 별도 확인
Cape Town uses open source software to improve service delivery,11/09/2026,Last update,https://interoperable-europe.ec.europa.eu/collection/open-source-observatory-osor/news/cape-town-uses-open-source-software-improve-service-delivery,https://interoperable-europe.ec.europa.eu/collection/open-source-observatory-osor,자료실 카드 제목·날짜 확인; 개별 본문 별도 확인
Public Code Observatory launches during UN Open Source Week,03/09/2026,Last update,https://interoperable-europe.ec.europa.eu/collection/open-source-observatory-osor/news/public-code-observatory-launches-during-un-open-source-week,https://interoperable-europe.ec.europa.eu/collection/open-source-observatory-osor,자료실 카드 제목·날짜 확인; 개별 본문 별도 확인
Switzerland 2026 Country Report,02/09/2026,Last update,https://interoperable-europe.ec.europa.eu/collection/open-source-observatory-osor/news/switzerland-2026-country-report,https://interoperable-europe.ec.europa.eu/collection/open-source-observatory-osor,자료실 카드 제목·날짜 확인; 개별 본문 별도 확인
Securing corporate iPhones,02/09/2026,Last update,https://interoperable-europe.ec.europa.eu/collection/ec-ospo/news/securing-corporate-iphones,https://interoperable-europe.ec.europa.eu/collection/open-source-observatory-osor,자료실 카드 제목·날짜 확인; 개별 본문 별도 확인
Mecklenburg-Vorpommern transitions to open source,25/08/2026,Last update,https://interoperable-europe.ec.europa.eu/collection/open-source-observatory-osor/news/mecklenburg-vorpommern-transitions-open-source,https://interoperable-europe.ec.europa.eu/collection/open-source-observatory-osor,자료실 카드 제목·날짜 확인; 개별 본문 별도 확인
Luxembourg uses Open Source to Test AI Trustworthiness,14/08/2026,Last update,https://interoperable-europe.ec.europa.eu/collection/open-source-observatory-osor/news/luxembourg-uses-open-source-test-ai-trustworthiness,https://interoperable-europe.ec.europa.eu/collection/open-source-observatory-osor,자료실 카드 제목·날짜 확인; 개별 본문 별도 확인
New Bulgarian platform detailing public procurement contracts,07/08/2026,Last update,https://interoperable-europe.ec.europa.eu/collection/open-source-observatory-osor/news/new-bulgarian-platform-detailing-public-procurement-contracts,https://interoperable-europe.ec.europa.eu/collection/open-source-observatory-osor,자료실 카드 제목·날짜 확인; 개별 본문 별도 확인
UNDP and Github help Ghana assess open source readiness,29/07/2026,Last update,https://interoperable-europe.ec.europa.eu/collection/open-source-observatory-osor/news/undp-and-github-help-ghana-assess-open-source-readiness,https://interoperable-europe.ec.europa.eu/collection/open-source-observatory-osor,자료실 카드 제목·날짜 확인; 개별 본문 별도 확인
Special edition of IOE Newsletter on open source - July 2026,28/07/2026,Last update,https://interoperable-europe.ec.europa.eu/collection/open-source-observatory-osor/news/special-edition-ioe-newsletter-open-source-july-2026,https://interoperable-europe.ec.europa.eu/collection/open-source-observatory-osor,자료실 카드 제목·날짜 확인; 개별 본문 별도 확인
The EU Open Source Policy Summit 2027,확인 불가,,https://interoperable-europe.ec.europa.eu/collection/open-source-observatory-osor/event/eu-open-source-policy-summit-2027,https://interoperable-europe.ec.europa.eu/collection/open-source-observatory-osor,자료실 카드 제목·날짜 확인; 개별 본문 별도 확인
FOSSCOMM 2026,확인 불가,,https://interoperable-europe.ec.europa.eu/collection/open-source-observatory-osor/event/fosscomm-2026,https://interoperable-europe.ec.europa.eu/collection/open-source-observatory-osor,자료실 카드 제목·날짜 확인; 개별 본문 별도 확인
OPEN OPEN 2026,확인 불가,,https://interoperable-europe.ec.europa.eu/collection/open-source-observatory-osor/event/open-open-2026,https://interoperable-europe.ec.europa.eu/collection/open-source-observatory-osor,자료실 카드 제목·날짜 확인; 개별 본문 별도 확인
Open Source Observability Day 2026,확인 불가,,https://interoperable-europe.ec.europa.eu/collection/open-source-observatory-osor/event/open-source-observability-day-2026,https://interoperable-europe.ec.europa.eu/collection/open-source-observatory-osor,자료실 카드 제목·날짜 확인; 개별 본문 별도 확인
Open Technology Research (OTR) Symposium 2026,확인 불가,,https://interoperable-europe.ec.europa.eu/collection/open-source-observatory-osor/event/open-technology-research-otr-symposium-2026,https://interoperable-europe.ec.europa.eu/collection/open-source-observatory-osor,자료실 카드 제목·날짜 확인; 개별 본문 별도 확인
OpenFest 2026,확인 불가,,https://interoperable-europe.ec.europa.eu/collection/open-source-observatory-osor/event/openfest-2026,https://interoperable-europe.ec.europa.eu/collection/open-source-observatory-osor,자료실 카드 제목·날짜 확인; 개별 본문 별도 확인
Linux Foundation Open Source Summit Europe 2026,확인 불가,,https://interoperable-europe.ec.europa.eu/collection/open-source-observatory-osor/event/linux-foundation-open-source-summit-europe-2026,https://interoperable-europe.ec.europa.eu/collection/open-source-observatory-osor,자료실 카드 제목·날짜 확인; 개별 본문 별도 확인
Mindtrek Conference 2026,확인 불가,,https://interoperable-europe.ec.europa.eu/collection/open-source-observatory-osor/event/mindtrek-conference-2026,https://interoperable-europe.ec.europa.eu/collection/open-source-observatory-osor,자료실 카드 제목·날짜 확인; 개별 본문 별도 확인
Open Source Conference Luxembourg 2026,확인 불가,,https://interoperable-europe.ec.europa.eu/collection/open-source-observatory-osor/event/open-source-conference-luxembourg-2026,https://interoperable-europe.ec.europa.eu/collection/open-source-observatory-osor,자료실 카드 제목·날짜 확인; 개별 본문 별도 확인
Capital Series Ireland - Open Source and the European Union,확인 불가,,https://interoperable-europe.ec.europa.eu/collection/open-source-observatory-osor/event/capital-series-ireland-open-source-and-european-union,https://interoperable-europe.ec.europa.eu/collection/open-source-observatory-osor,자료실 카드 제목·날짜 확인; 개별 본문 별도 확인
FrOSCon 2026,확인 불가,,https://interoperable-europe.ec.europa.eu/collection/open-source-observatory-osor/event/froscon-2026,https://interoperable-europe.ec.europa.eu/collection/open-source-observatory-osor,자료실 카드 제목·날짜 확인; 개별 본문 별도 확인
Guidelines Chapter 2: When is an interoperability assessment legally required?,13/12/2024,Last update,https://interoperable-europe.ec.europa.eu/guidelines-chapter-2-when-interoperability-assessment-legally-required,https://interoperable-europe.ec.europa.eu/collection/assessments/guidelines-chapter-1-what-are-interoperability-assessments-and-why-are-they-relevant,자료실 카드 제목·날짜 확인; 개별 본문 별도 확인
Guidelines Chapter 3: How to carry out an interoperability assessment?,08/01/2025,Last update,https://interoperable-europe.ec.europa.eu/collection/assessments/guidelines-chapter-3-how-carry-out-interoperability-assessment,https://interoperable-europe.ec.europa.eu/collection/assessments/guidelines-chapter-5-how-establish-sound-governance-interoperability-assessment-process-your,자료실 카드 제목·날짜 확인; 개별 본문 별도 확인
Publication of the 2024 edition of the State-of-play report,14/04/2025,Last update,https://interoperable-europe.ec.europa.eu/collection/iopeu-monitoring/news/publication-2024-edition-state-play-report,https://interoperable-europe.ec.europa.eu/collection/iopeu-monitoring/news-and-events,자료실 카드 제목·날짜 확인; 개별 본문 별도 확인
NIFO Roadshow in Poland,14/04/2025,Last update,https://interoperable-europe.ec.europa.eu/collection/iopeu-monitoring/news/nifo-roadshow-poland,https://interoperable-europe.ec.europa.eu/collection/iopeu-monitoring/news-and-events,자료실 카드 제목·날짜 확인; 개별 본문 별도 확인
Publication of the NIFO DPAF 2024 collection,14/04/2025,Last update,https://interoperable-europe.ec.europa.eu/collection/iopeu-monitoring/news/publication-nifo-dpaf-2024-collection,https://interoperable-europe.ec.europa.eu/collection/iopeu-monitoring/news-and-events,자료실 카드 제목·날짜 확인; 개별 본문 별도 확인
NIFO coffee talk on smart cities,14/04/2025,Last update,https://interoperable-europe.ec.europa.eu/collection/iopeu-monitoring/news/nifo-coffee-talk-smart-cities,https://interoperable-europe.ec.europa.eu/collection/iopeu-monitoring/news-and-events,자료실 카드 제목·날짜 확인; 개별 본문 별도 확인
Interoperable Europe Agenda,31/07/2026,Last update,https://interoperable-europe.ec.europa.eu/collection/governance-board/document/interoperable-europe-agenda,https://interoperable-europe.ec.europa.eu/collection/governance-board/documents,자료실 카드 제목·날짜 확인; 개별 본문 별도 확인
"The minutes of the 4th Board meeting, held on 19 May 2026",21/09/2026,Last update,https://interoperable-europe.ec.europa.eu/collection/governance-board/document/minutes-4th-board-meeting-held-19-may-2026,https://interoperable-europe.ec.europa.eu/collection/governance-board/documents,자료실 카드 제목·날짜 확인; 개별 본문 별도 확인
"The minutes of the 3rd Board meeting, held on 4 December 2025",17/06/2026,Last update,https://interoperable-europe.ec.europa.eu/collection/governance-board/document/minutes-3rd-board-meeting-held-4-december-2025,https://interoperable-europe.ec.europa.eu/collection/governance-board/documents,자료실 카드 제목·날짜 확인; 개별 본문 별도 확인
"The minutes of the 2nd Board meeting, held on 20 May 2025",17/06/2026,Last update,https://interoperable-europe.ec.europa.eu/collection/governance-board/document/minutes-2nd-board-meeting-held-20-may-2025,https://interoperable-europe.ec.europa.eu/collection/governance-board/documents,자료실 카드 제목·날짜 확인; 개별 본문 별도 확인
"The minutes of the 1st Board meeting, held on 5 December 2024",17/06/2026,Last update,https://interoperable-europe.ec.europa.eu/collection/governance-board/document/minutes-1st-board-meeting-held-5-december-2024,https://interoperable-europe.ec.europa.eu/collection/governance-board/documents,자료실 카드 제목·날짜 확인; 개별 본문 별도 확인
Rules of procedure of the Interoperable Europe Board adopted during its first meeting on 5 December 2024,17/06/2026,Last update,https://interoperable-europe.ec.europa.eu/collection/governance-board/document/rules-procedure-interoperable-europe-board-adopted-during-its-first-meeting-5-december-2024,https://interoperable-europe.ec.europa.eu/collection/governance-board/documents,자료실 카드 제목·날짜 확인; 개별 본문 별도 확인
SEMIC 2026: Share your ideas at the Pitching Corner,확인 불가,,https://interoperable-europe.ec.europa.eu/interoperable-europe/news/semic-2026-share-your-ideas-pitching-corner,https://interoperable-europe.ec.europa.eu/interoperable-europe/latest-news,자료실 카드 제목·날짜 확인; 개별 본문 별도 확인
The network behind Europe's public services,확인 불가,,https://interoperable-europe.ec.europa.eu/interoperable-europe/news/network-behind-europes-public-services,https://interoperable-europe.ec.europa.eu/interoperable-europe/latest-news,자료실 카드 제목·날짜 확인; 개별 본문 별도 확인
SEMIC 2026: from Dublin to Dublin,확인 불가,,https://interoperable-europe.ec.europa.eu/interoperable-europe/news/semic-2026-dublin-dublin,https://interoperable-europe.ec.europa.eu/interoperable-europe/latest-news,자료실 카드 제목·날짜 확인; 개별 본문 별도 확인
Summer learning with the Interoperable Europe Academy,확인 불가,,https://interoperable-europe.ec.europa.eu/interoperable-europe/news/summer-learning-interoperable-europe-academy,https://interoperable-europe.ec.europa.eu/interoperable-europe/latest-news,자료실 카드 제목·날짜 확인; 개별 본문 별도 확인
New study highlights interoperability and GovTech as key enablers,확인 불가,,https://interoperable-europe.ec.europa.eu/interoperable-europe/news/new-study-highlights-interoperability-and-govtech-key-enablers,https://interoperable-europe.ec.europa.eu/interoperable-europe/latest-news,자료실 카드 제목·날짜 확인; 개별 본문 별도 확인
The Interoperable Europe Academy Seasonal School 2026 highlights,확인 불가,,https://interoperable-europe.ec.europa.eu/interoperable-europe/news/interoperable-europe-academy-seasonal-school-2026-highlights,https://interoperable-europe.ec.europa.eu/interoperable-europe/latest-news,자료실 카드 제목·날짜 확인; 개별 본문 별도 확인
Tech Sovereignty Package: EU Open Source Strategy,확인 불가,,https://interoperable-europe.ec.europa.eu/interoperable-europe/news/tech-sovereignty-package-eu-open-source-strategy,https://interoperable-europe.ec.europa.eu/interoperable-europe/latest-news,자료실 카드 제목·날짜 확인; 개별 본문 별도 확인
Interoperable Europe at Europe Day 2026,확인 불가,,https://interoperable-europe.ec.europa.eu/interoperable-europe/news/interoperable-europe-europe-day-2026,https://interoperable-europe.ec.europa.eu/interoperable-europe/latest-news,자료실 카드 제목·날짜 확인; 개별 본문 별도 확인
Highlights from the fourth Interoperable Europe Board meeting,확인 불가,,https://interoperable-europe.ec.europa.eu/interoperable-europe/news/highlights-fourth-interoperable-europe-board-meeting,https://interoperable-europe.ec.europa.eu/interoperable-europe/latest-news,자료실 카드 제목·날짜 확인; 개별 본문 별도 확인
Interoperable Europe Academy Seasonal School 2026 agenda unveiled,확인 불가,,https://interoperable-europe.ec.europa.eu/interoperable-europe/news/interoperable-europe-academy-seasonal-school-2026-agenda-unveiled,https://interoperable-europe.ec.europa.eu/interoperable-europe/latest-news,자료실 카드 제목·날짜 확인; 개별 본문 별도 확인
Interview with Miguel Diez Blanco and Costas Simatos,확인 불가,,https://interoperable-europe.ec.europa.eu/interoperable-europe/news/interview-miguel-diez-blanco-and-costas-simatos,https://interoperable-europe.ec.europa.eu/interoperable-europe/latest-news,자료실 카드 제목·날짜 확인; 개별 본문 별도 확인
Showcase your innovation: Public Sector Tech Watch BCA 2026,확인 불가,,https://interoperable-europe.ec.europa.eu/interoperable-europe/news/showcase-your-innovation-public-sector-tech-watch-bca-2026,https://interoperable-europe.ec.europa.eu/interoperable-europe/latest-news,자료실 카드 제목·날짜 확인; 개별 본문 별도 확인
ITB v1.30.0 released,21/09/2026,Last update,https://interoperable-europe.ec.europa.eu/collection/interoperability-test-bed-repository/solution/interoperability-test-bed/news/itb-v1300-released,https://interoperable-europe.ec.europa.eu/collection/interoperability-test-bed-repository/solution/interoperability-test-bed/news-and-releases,자료실 카드 제목·날짜 확인; 개별 본문 별도 확인
ITB in support of ETSI and NGSI-LD,16/09/2026,Last update,https://interoperable-europe.ec.europa.eu/collection/interoperability-test-bed-repository/solution/interoperability-test-bed/news/itb-support-etsi-and-ngsi-ld,https://interoperable-europe.ec.europa.eu/collection/interoperability-test-bed-repository/solution/interoperability-test-bed/news-and-releases,자료실 카드 제목·날짜 확인; 개별 본문 별도 확인
ITB v1.29.5 released,19/06/2026,Last update,https://interoperable-europe.ec.europa.eu/collection/interoperability-test-bed-repository/solution/interoperability-test-bed/news/itb-v1295-released,https://interoperable-europe.ec.europa.eu/collection/interoperability-test-bed-repository/solution/interoperability-test-bed/news-and-releases,자료실 카드 제목·날짜 확인; 개별 본문 별도 확인
New ITB MCP server for AI-powered test development,18/06/2026,Last update,https://interoperable-europe.ec.europa.eu/collection/interoperability-test-bed-repository/solution/interoperability-test-bed/news/new-itb-mcp-server-ai-powered-test-development,https://interoperable-europe.ec.europa.eu/collection/interoperability-test-bed-repository/solution/interoperability-test-bed/news-and-releases,자료실 카드 제목·날짜 확인; 개별 본문 별도 확인
New milestone release available for the Test Bed's validators,17/06/2026,Last update,https://interoperable-europe.ec.europa.eu/collection/interoperability-test-bed-repository/solution/interoperability-test-bed/news/new-milestone-release-available-test-beds-validators-5,https://interoperable-europe.ec.europa.eu/collection/interoperability-test-bed-repository/solution/interoperability-test-bed/news-and-releases,자료실 카드 제목·날짜 확인; 개별 본문 별도 확인
ITB v1.29.4 released,22/05/2026,Last update,https://interoperable-europe.ec.europa.eu/collection/interoperability-test-bed-repository/solution/interoperability-test-bed/news/itb-v1294-released,https://interoperable-europe.ec.europa.eu/collection/interoperability-test-bed-repository/solution/interoperability-test-bed/news-and-releases,자료실 카드 제목·날짜 확인; 개별 본문 별도 확인
Validator milestone release v1.11.0 available,17/04/2026,Last update,https://interoperable-europe.ec.europa.eu/collection/interoperability-test-bed-repository/solution/interoperability-test-bed/news/validator-milestone-release-v1110-available,https://interoperable-europe.ec.europa.eu/collection/interoperability-test-bed-repository/solution/interoperability-test-bed/news-and-releases,자료실 카드 제목·날짜 확인; 개별 본문 별도 확인
ITB v1.29.3 released,15/04/2026,Last update,https://interoperable-europe.ec.europa.eu/collection/interoperability-test-bed-repository/solution/interoperability-test-bed/news/itb-v1293-released,https://interoperable-europe.ec.europa.eu/collection/interoperability-test-bed-repository/solution/interoperability-test-bed/news-and-releases,자료실 카드 제목·날짜 확인; 개별 본문 별도 확인
ITB v1.29.2 released,31/03/2026,Last update,https://interoperable-europe.ec.europa.eu/collection/interoperability-test-bed-repository/solution/interoperability-test-bed/news/itb-v1292-released,https://interoperable-europe.ec.europa.eu/collection/interoperability-test-bed-repository/solution/interoperability-test-bed/news-and-releases,자료실 카드 제목·날짜 확인; 개별 본문 별도 확인
ITB v1.29.1 released,30/03/2026,Last update,https://interoperable-europe.ec.europa.eu/collection/interoperability-test-bed-repository/solution/interoperability-test-bed/news/itb-v1291-released,https://interoperable-europe.ec.europa.eu/collection/interoperability-test-bed-repository/solution/interoperability-test-bed/news-and-releases,자료실 카드 제목·날짜 확인; 개별 본문 별도 확인
ITB v1.29.0 released,27/03/2026,Last update,https://interoperable-europe.ec.europa.eu/collection/interoperability-test-bed-repository/solution/interoperability-test-bed/news/itb-v1290-released,https://interoperable-europe.ec.europa.eu/collection/interoperability-test-bed-repository/solution/interoperability-test-bed/news-and-releases,자료실 카드 제목·날짜 확인; 개별 본문 별도 확인
ITB v1.28.5 released,27/02/2026,Last update,https://interoperable-europe.ec.europa.eu/collection/interoperability-test-bed-repository/solution/interoperability-test-bed/news/itb-v1285-released,https://interoperable-europe.ec.europa.eu/collection/interoperability-test-bed-repository/solution/interoperability-test-bed/news-and-releases,자료실 카드 제목·날짜 확인; 개별 본문 별도 확인
European Interoperability Framework (EIF),19/01/2026,Last update,https://interoperable-europe.ec.europa.eu/collection/iopeu-monitoring/european-interoperability-framework-eif,https://interoperable-europe.ec.europa.eu/interoperability-solutions-catalogue,자료실 카드 제목·날짜 확인; 개별 본문 별도 확인
Interoperability Architecture Solutions,24/01/2025,Last update,https://interoperable-europe.ec.europa.eu/collection/interoperability-architecture-solutions,https://interoperable-europe.ec.europa.eu/interoperability-solutions-catalogue,자료실 카드 제목·날짜 확인; 개별 본문 별도 확인
Interoperability Test Bed,08/08/2025,Last update,https://interoperable-europe.ec.europa.eu/collection/interoperability-test-bed-repository/solution/interoperability-test-bed,https://interoperable-europe.ec.europa.eu/interoperability-solutions-catalogue,자료실 카드 제목·날짜 확인; 개별 본문 별도 확인
PM² Methodologies,06/09/2024,Last update,https://interoperable-europe.ec.europa.eu/collection/pm2-methodologies,https://interoperable-europe.ec.europa.eu/interoperability-solutions-catalogue,자료실 카드 제목·날짜 확인; 개별 본문 별도 확인
EUPL,24/03/2025,Last update,https://interoperable-europe.ec.europa.eu/collection/eupl,https://interoperable-europe.ec.europa.eu/interoperability-solutions-catalogue,자료실 카드 제목·날짜 확인; 개별 본문 별도 확인
Licensing Assistant,08/01/2026,Last update,https://interoperable-europe.ec.europa.eu/collection/eupl/solution/licensing-assistant,https://interoperable-europe.ec.europa.eu/collection/eupl,자료실 카드 제목·날짜 확인; 개별 본문 별도 확인
EUSurvey,03/02/2026,Last update,https://interoperable-europe.ec.europa.eu/collection/eparticipation-and-evoting/solution/eusurvey,https://interoperable-europe.ec.europa.eu/interoperability-solutions-catalogue,자료실 카드 제목·날짜 확인; 개별 본문 별도 확인
ELAP,14/11/2024,Last update,https://interoperable-europe.ec.europa.eu/collection/common-assessment-method-standards-and-specifications-camss/solution/elap,https://interoperable-europe.ec.europa.eu/interoperability-solutions-catalogue,자료실 카드 제목·날짜 확인; 개별 본문 별도 확인
ELIS,14/11/2024,Last update,https://interoperable-europe.ec.europa.eu/collection/common-assessment-method-standards-and-specifications-camss/solution/elis,https://interoperable-europe.ec.europa.eu/interoperability-solutions-catalogue,자료실 카드 제목·날짜 확인; 개별 본문 별도 확인
CAMSS Assessments Library,11/08/2026,Last update,https://interoperable-europe.ec.europa.eu/collection/common-assessment-method-standards-and-specifications-camss/camss-assessments-library,https://interoperable-europe.ec.europa.eu/interoperability-solutions-catalogue,자료실 카드 제목·날짜 확인; 개별 본문 별도 확인
eDelivery,04/03/2026,Last update,https://interoperable-europe.ec.europa.eu/collection/digital-building-blocks/solution/edelivery,https://interoperable-europe.ec.europa.eu/interoperability-solutions-catalogue,자료실 카드 제목·날짜 확인; 개별 본문 별도 확인
eID,13/02/2024,Last update,https://interoperable-europe.ec.europa.eu/collection/digital-building-blocks/solution/eid,https://interoperable-europe.ec.europa.eu/interoperability-solutions-catalogue,자료실 카드 제목·날짜 확인; 개별 본문 별도 확인
eInvoicing,13/02/2024,Last update,https://interoperable-europe.ec.europa.eu/collection/digital-building-blocks/solution/einvoicing,https://interoperable-europe.ec.europa.eu/interoperability-solutions-catalogue,자료실 카드 제목·날짜 확인; 개별 본문 별도 확인
eSignature,13/02/2024,Last update,https://interoperable-europe.ec.europa.eu/collection/digital-building-blocks/solution/esignature,https://interoperable-europe.ec.europa.eu/interoperability-solutions-catalogue,자료실 카드 제목·날짜 확인; 개별 본문 별도 확인
Once-Only Technical System (OOTS),13/02/2024,Last update,https://interoperable-europe.ec.europa.eu/collection/digital-building-blocks/solution/once-only-technical-system-oots,https://interoperable-europe.ec.europa.eu/interoperability-solutions-catalogue,자료실 카드 제목·날짜 확인; 개별 본문 별도 확인
EU Digital Identity Wallet,24/04/2024,Last update,https://interoperable-europe.ec.europa.eu/collection/digital-building-blocks/solution/eu-digitalidentitywallet,https://interoperable-europe.ec.europa.eu/interoperability-solutions-catalogue,자료실 카드 제목·날짜 확인; 개별 본문 별도 확인
European Blockchain Services Infrastructure (EBSI),13/02/2024,Last update,https://interoperable-europe.ec.europa.eu/collection/digital-building-blocks/solution/european-blockchain-services-infrastructure-ebsi,https://interoperable-europe.ec.europa.eu/interoperability-solutions-catalogue,자료실 카드 제목·날짜 확인; 개별 본문 별도 확인
Core Vocabularies,09/01/2026,Last update,https://interoperable-europe.ec.europa.eu/collection/semic-support-centre/solution/core-vocabularies,https://interoperable-europe.ec.europa.eu/interoperability-solutions-catalogue,자료실 카드 제목·날짜 확인; 개별 본문 별도 확인
ELI ontology,16/02/2024,Last update,https://interoperable-europe.ec.europa.eu/collection/eli-european-legislation-identifier/solution/eli-ontology,https://interoperable-europe.ec.europa.eu/interoperability-solutions-catalogue,자료실 카드 제목·날짜 확인; 개별 본문 별도 확인
DCAT Application Profile for data portals in Europe,07/05/2026,Last update,https://interoperable-europe.ec.europa.eu/collection/semic-support-centre/solution/dcat-application-profile-data-portals-europe,https://interoperable-europe.ec.europa.eu/interoperability-solutions-catalogue,자료실 카드 제목·날짜 확인; 개별 본문 별도 확인
DCAT Application Profile for High-Value Datasets,06/10/2025,Last update,https://interoperable-europe.ec.europa.eu/collection/semic-support-centre/solution/dcat-ap-hvd,https://interoperable-europe.ec.europa.eu/interoperability-solutions-catalogue,자료실 카드 제목·날짜 확인; 개별 본문 별도 확인
BRegDCAT-AP,14/10/2025,Last update,https://interoperable-europe.ec.europa.eu/collection/access-base-registries/solution/bregdcat-ap,https://interoperable-europe.ec.europa.eu/interoperability-solutions-catalogue,자료실 카드 제목·날짜 확인; 개별 본문 별도 확인
Reporting Requirement Metadata Vocabulary (RRMV),08/12/2025,Last update,https://interoperable-europe.ec.europa.eu/collection/digital-ready-policymaking/solution/rrmv,https://interoperable-europe.ec.europa.eu/interoperability-solutions-catalogue,자료실 카드 제목·날짜 확인; 개별 본문 별도 확인
European Single Procurement Document,22/08/2024,Last update,https://interoperable-europe.ec.europa.eu/collection/eprocurement/solution/european-single-procurement-document,https://interoperable-europe.ec.europa.eu/interoperability-solutions-catalogue,자료실 카드 제목·날짜 확인; 개별 본문 별도 확인
eProcurement Ontology,30/11/2023,Last update,https://interoperable-europe.ec.europa.eu/collection/eprocurement/solution/eprocurement-ontology,https://interoperable-europe.ec.europa.eu/interoperability-solutions-catalogue,자료실 카드 제목·날짜 확인; 개별 본문 별도 확인
Asset Description Metadata Schema (ADMS),06/10/2025,Last update,https://interoperable-europe.ec.europa.eu/collection/semic-support-centre/solution/asset-description-metadata-schema-adms,https://interoperable-europe.ec.europa.eu/interoperability-solutions-catalogue,자료실 카드 제목·날짜 확인; 개별 본문 별도 확인
LEOS - Open Source software for editing legislation,05/07/2024,Last update,https://interoperable-europe.ec.europa.eu/collection/justice-law-and-security/solution/leos-open-source-software-editing-legislation,https://interoperable-europe.ec.europa.eu/interoperability-solutions-catalogue,자료실 카드 제목·날짜 확인; 개별 본문 별도 확인
Re3gistry,27/02/2026,Last update,https://interoperable-europe.ec.europa.eu/collection/are3na/solution/re3gistry,https://interoperable-europe.ec.europa.eu/interoperability-solutions-catalogue,자료실 카드 제목·날짜 확인; 개별 본문 별도 확인
VocBench,07/05/2026,Last update,https://interoperable-europe.ec.europa.eu/collection/semic-support-centre/solution/vocbench,https://interoperable-europe.ec.europa.eu/interoperability-solutions-catalogue,자료실 카드 제목·날짜 확인; 개별 본문 별도 확인
"CIRCABC (Communication and Information Resource Centre for Administrations, Businesses and Citizens)",03/02/2026,Last update,https://interoperable-europe.ec.europa.eu/collection/communication-and-information-resource-centre-administrations-businesses-and-citizens-circabc/solution/circabc,https://interoperable-europe.ec.europa.eu/interoperability-solutions-catalogue,자료실 카드 제목·날짜 확인; 개별 본문 별도 확인
Successful implementation of DCAT-AP by EPOS to foster interoperability,15/03/2026,Last update,https://interoperable-europe.ec.europa.eu/collection/semic-support-centre/successful-implementation-dcat-ap-epos-foster-interoperability,https://interoperable-europe.ec.europa.eu/collection/semic-support-centre,자료실 카드 제목·날짜 확인; 개별 본문 별도 확인
SEMIC Assets Recognised Under the Interoperable Europe Act,16/01/2026,Last update,https://interoperable-europe.ec.europa.eu/collection/semic-support-centre/news/semic-assets-recognised-under-interoperable-europe-act,https://interoperable-europe.ec.europa.eu/collection/semic-support-centre,자료실 카드 제목·날짜 확인; 개별 본문 별도 확인
Reliable cross-border data reuse: Framework by the German Federal Ministry of Finance & Free Hanseatic City of Bremen,15/10/2025,Last update,https://interoperable-europe.ec.europa.eu/collection/semic-support-centre/reliable-cross-border-data-reuse-framework-german-federal-ministry-finance-free-hanseatic-city,https://interoperable-europe.ec.europa.eu/collection/semic-support-centre,자료실 카드 제목·날짜 확인; 개별 본문 별도 확인
Finland’s successful implementation of EIF principles in interoperability tools,12/12/2024,Last update,https://interoperable-europe.ec.europa.eu/collection/semic-support-centre/finlands-successful-implementation-eif-principles-interoperability-tools,https://interoperable-europe.ec.europa.eu/collection/semic-support-centre,자료실 카드 제목·날짜 확인; 개별 본문 별도 확인
Enhancing Transparency and Efficiency: The European Union's Unified Approach to Short-Term Accommodation Rentals,26/04/2024,Last update,https://interoperable-europe.ec.europa.eu/collection/semic-support-centre/enhancing-transparency-and-efficiency-european-unions-unified-approach-short-term-accommodation,https://interoperable-europe.ec.europa.eu/collection/semic-support-centre,자료실 카드 제목·날짜 확인; 개별 본문 별도 확인
Slovakia’s successful implementation of SEMIC Core Vocabularies,10/01/2024,Last update,https://interoperable-europe.ec.europa.eu/collection/semic-support-centre/slovakias-successful-implementation-semic-core-vocabularies,https://interoperable-europe.ec.europa.eu/collection/semic-support-centre,자료실 카드 제목·날짜 확인; 개별 본문 별도 확인
Empowering Green Transitions: DG-ENV and SEMIC collaboration,14/07/2023,Last update,https://interoperable-europe.ec.europa.eu/collection/semic-support-centre/empowering-green-transitions-dg-env-and-semic-collaboration,https://interoperable-europe.ec.europa.eu/collection/semic-support-centre,자료실 카드 제목·날짜 확인; 개별 본문 별도 확인
The Commission starts the tourism data journey,14/07/2023,Last update,https://interoperable-europe.ec.europa.eu/collection/semic-support-centre/commission-starts-tourism-data-journey,https://interoperable-europe.ec.europa.eu/collection/semic-support-centre,자료실 카드 제목·날짜 확인; 개별 본문 별도 확인
SEMIC supported The European Union Agency for Railways to explore an “alert change” based on the LDES Technology by conducting a pilot study,07/09/2023,Last update,https://interoperable-europe.ec.europa.eu/collection/semic-support-centre/semic-supported-european-union-agency-railways-explore-alert-change-based-ldes-technology-conducting,https://interoperable-europe.ec.europa.eu/collection/semic-support-centre,자료실 카드 제목·날짜 확인; 개별 본문 별도 확인
Flanders leads the way with the Datavindplaats,14/07/2023,Last update,https://interoperable-europe.ec.europa.eu/collection/semic-support-centre/flanders-leads-way-datavindplaats,https://interoperable-europe.ec.europa.eu/collection/semic-support-centre,자료실 카드 제목·날짜 확인; 개별 본문 별도 확인
Interoperable Europe Roadshow in Greece,23/04/2026,Last update,https://interoperable-europe.ec.europa.eu/collection/semic-support-centre/interoperable-europe-roadshow-greece,https://interoperable-europe.ec.europa.eu/collection/semic-support-centre,자료실 카드 제목·날짜 확인; 개별 본문 별도 확인
Interoperable Europe Roadshow: Germany,11/03/2026,Last update,https://interoperable-europe.ec.europa.eu/collection/semic-support-centre/news/interoperable-europe-roadshow-germany,https://interoperable-europe.ec.europa.eu/collection/semic-support-centre,자료실 카드 제목·날짜 확인; 개별 본문 별도 확인
SEMIC 2025 - The Highlights,25/03/2026,Last update,https://interoperable-europe.ec.europa.eu/collection/semic-support-centre/news/semic-2025-highlights,https://interoperable-europe.ec.europa.eu/collection/semic-support-centre,자료실 카드 제목·날짜 확인; 개별 본문 별도 확인
SEMIC at the CNIG workshop on AI and Geolocated Information,23/01/2026,Last update,https://interoperable-europe.ec.europa.eu/collection/semic-support-centre/news/semic-cnig-workshop-ai-and-geolocated-information,https://interoperable-europe.ec.europa.eu/collection/semic-support-centre,자료실 카드 제목·날짜 확인; 개별 본문 별도 확인
Call for Public Review GeoDCAT-AP 3.1.0,22/01/2026,Last update,https://interoperable-europe.ec.europa.eu/collection/semic-support-centre/news/call-public-review-geodcat-ap-310,https://interoperable-europe.ec.europa.eu/collection/semic-support-centre,자료실 카드 제목·날짜 확인; 개별 본문 별도 확인
Call for Public Review - DCAT-AP Reuse Guidelines 1.0.0,22/01/2026,Last update,https://interoperable-europe.ec.europa.eu/collection/semic-support-centre/news/call-public-review-dcat-ap-reuse-guidelines-100,https://interoperable-europe.ec.europa.eu/collection/semic-support-centre,자료실 카드 제목·날짜 확인; 개별 본문 별도 확인
The participation of the SEMIC Team at the Endorse Conference,23/10/2025,Last update,https://interoperable-europe.ec.europa.eu/collection/semic-support-centre/participation-semic-team-endorse-conference,https://interoperable-europe.ec.europa.eu/collection/semic-support-centre,자료실 카드 제목·날짜 확인; 개별 본문 별도 확인
Analysis of ABR practices,18/12/2024,Last update,https://interoperable-europe.ec.europa.eu/collection/semic-support-centre/news/analysis-abr-practices,https://interoperable-europe.ec.europa.eu/collection/semic-support-centre,자료실 카드 제목·날짜 확인; 개별 본문 별도 확인
Linked Data Event Streams (LDES) for Data Aggregation,07/01/2025,Last update,https://interoperable-europe.ec.europa.eu/collection/semic-support-centre/news/linked-data-event-streams-ldes-data-aggregation,https://interoperable-europe.ec.europa.eu/collection/semic-support-centre,자료실 카드 제목·날짜 확인; 개별 본문 별도 확인
Navigating the Tooling Landscape for Semantic Interoperability,18/05/2026,Last update,https://interoperable-europe.ec.europa.eu/collection/semic-support-centre/navigating-tooling-landscape-semantic-interoperability,https://interoperable-europe.ec.europa.eu/collection/semic-support-centre,자료실 카드 제목·날짜 확인; 개별 본문 별도 확인
"One Source, Many Services: How Finland Streamlined Public Service Descriptions with CPSV-AP",20/04/2026,Last update,https://interoperable-europe.ec.europa.eu/collection/semic-support-centre/one-source-many-services-how-finland-streamlined-public-service-descriptions-cpsv-ap,https://interoperable-europe.ec.europa.eu/collection/semic-support-centre,자료실 카드 제목·날짜 확인; 개별 본문 별도 확인
Europeana pilots LDES to modernise cultural heritage data sharing across Europe,20/04/2026,Last update,https://interoperable-europe.ec.europa.eu/collection/semic-support-centre/europeana-pilots-ldes-modernise-cultural-heritage-data-sharing-across-europe,https://interoperable-europe.ec.europa.eu/collection/semic-support-centre,자료실 카드 제목·날짜 확인; 개별 본문 별도 확인
Insights from Applying GraphRAG to Semantic Interoperability,09/06/2026,Last update,https://interoperable-europe.ec.europa.eu/collection/semic-support-centre/insights-applying-graphrag-semantic-interoperability,https://interoperable-europe.ec.europa.eu/collection/semic-support-centre,자료실 카드 제목·날짜 확인; 개별 본문 별도 확인
Harmonising transport data in a critical domain - mobilityDCAT-AP,07/04/2026,Last update,https://interoperable-europe.ec.europa.eu/collection/semic-support-centre/harmonising-transport-data-critical-domain-mobilitydcat-ap,https://interoperable-europe.ec.europa.eu/collection/semic-support-centre,자료실 카드 제목·날짜 확인; 개별 본문 별도 확인
The new unified SEMIC validator: community usage insights,24/02/2026,Last update,https://interoperable-europe.ec.europa.eu/collection/semic-support-centre/news/new-unified-semic-validator-community-usage-insights,https://interoperable-europe.ec.europa.eu/collection/semic-support-centre,자료실 카드 제목·날짜 확인; 개별 본문 별도 확인
DCAT-AP Reuse Guidelines: Building Profiles the Right Way,29/01/2026,Last update,https://interoperable-europe.ec.europa.eu/collection/semic-support-centre/dcat-ap-reuse-guidelines-building-profiles-right-way,https://interoperable-europe.ec.europa.eu/collection/semic-support-centre,자료실 카드 제목·날짜 확인; 개별 본문 별도 확인
Unlocking Interoperability: Your Guide to the SEMIC Core Vocabularies Handbook,07/05/2026,Last update,https://interoperable-europe.ec.europa.eu/collection/semic-support-centre/unlocking-interoperability-your-guide-semic-core-vocabularies-handbook,https://interoperable-europe.ec.europa.eu/collection/semic-support-centre,자료실 카드 제목·날짜 확인; 개별 본문 별도 확인
Driving Semantic Interoperability Convergence with the SEMIC Semantic Registry,13/11/2025,Last update,https://interoperable-europe.ec.europa.eu/collection/semic-support-centre/driving-semantic-interoperability-convergence-semic-semantic-registry,https://interoperable-europe.ec.europa.eu/collection/semic-support-centre,자료실 카드 제목·날짜 확인; 개별 본문 별도 확인
MLDCAT-AP – A Semantic Foundation for AI Act Transparency and Compliance,30/10/2025,Last update,https://interoperable-europe.ec.europa.eu/collection/semic-support-centre/mldcat-ap-semantic-foundation-ai-act-transparency-and-compliance,https://interoperable-europe.ec.europa.eu/collection/semic-support-centre,자료실 카드 제목·날짜 확인; 개별 본문 별도 확인
New Release ELIS 5.0.1,14/12/2022,Last update,https://interoperable-europe.ec.europa.eu/collection/common-assessment-method-standards-and-specifications-camss/solution/elis/news/new-release-elis-501,https://interoperable-europe.ec.europa.eu/collection/common-assessment-method-standards-and-specifications-camss/solution/elis/welcome,자료실 카드 제목·날짜 확인; 개별 본문 별도 확인
New release ELIS 5.0.0,16/06/2022,Last update,https://interoperable-europe.ec.europa.eu/collection/common-assessment-method-standards-and-specifications-camss/solution/elis/news/new-release-elis-500,https://interoperable-europe.ec.europa.eu/collection/common-assessment-method-standards-and-specifications-camss/solution/elis/welcome,자료실 카드 제목·날짜 확인; 개별 본문 별도 확인
I changed my license to EUPL !,25/09/2026,Last update,https://interoperable-europe.ec.europa.eu/collection/eupl/news/i-changed-my-license-eupl,https://interoperable-europe.ec.europa.eu/collection/eupl,자료실 카드 제목·날짜 확인; 개별 본문 별도 확인
Public money? Public code!,15/09/2026,Last update,https://interoperable-europe.ec.europa.eu/collection/eupl/news/public-money-public-code,https://interoperable-europe.ec.europa.eu/collection/eupl,자료실 카드 제목·날짜 확인; 개별 본문 별도 확인
AI: How judging judges ?,16/06/2026,Last update,https://interoperable-europe.ec.europa.eu/collection/eupl/news/ai-how-judging-judges,https://interoperable-europe.ec.europa.eu/collection/eupl,자료실 카드 제목·날짜 확인; 개별 본문 별도 확인
A Forge for Code Sovereignty,24/05/2026,Last update,https://interoperable-europe.ec.europa.eu/collection/eupl/news/forge-code-sovereignty,https://interoperable-europe.ec.europa.eu/collection/eupl,자료실 카드 제목·날짜 확인; 개별 본문 별도 확인
Open Source Licenses: An In-Depth Analysis,28/01/2026,Last update,https://interoperable-europe.ec.europa.eu/collection/eupl/news/open-source-licenses-depth-analysis,https://interoperable-europe.ec.europa.eu/collection/eupl,자료실 카드 제목·날짜 확인; 개별 본문 별도 확인
Unlocking the Single Market potential,22/01/2026,Last update,https://interoperable-europe.ec.europa.eu/collection/eupl/news/unlocking-single-market-potential,https://interoperable-europe.ec.europa.eu/collection/eupl,자료실 카드 제목·날짜 확인; 개별 본문 별도 확인
The EUPL distributed project from NobodyWho (DK).,30/12/2025,Last update,https://interoperable-europe.ec.europa.eu/collection/eupl/news/eupl-distributed-project-nobodywho-dk,https://interoperable-europe.ec.europa.eu/collection/eupl,자료실 카드 제목·날짜 확인; 개별 본문 별도 확인
Clarifying the EUPL compatibility clause?,22/12/2025,Last update,https://interoperable-europe.ec.europa.eu/collection/eupl/news/clarifying-eupl-compatibility-clause,https://interoperable-europe.ec.europa.eu/collection/eupl,자료실 카드 제목·날짜 확인; 개별 본문 별도 확인
Policy Brief | Guiding AI Responsibly: Ireland’s Blueprint for the Public Service,24/08/2026,Last update,https://interoperable-europe.ec.europa.eu/collection/interoperable-europe-academy/document/policy-brief-guiding-ai-responsibly-irelands-blueprint-public-service,https://interoperable-europe.ec.europa.eu/collection/eupl,자료실 카드 제목·날짜 확인; 개별 본문 별도 확인
eGovERA© success story on a Data Space and Linked Data in Flanders,25/03/2025,Last update,https://interoperable-europe.ec.europa.eu/collection/interoperability-architecture-solutions/news/egoverac-success-story-data-space-and-linked-data-flanders,https://interoperable-europe.ec.europa.eu/collection/interoperability-architecture-solutions/success-stories,자료실 카드 제목·날짜 확인; 개별 본문 별도 확인
eGovERA© success on a Data Space with the Council of Madrid,19/02/2025,Last update,https://interoperable-europe.ec.europa.eu/collection/interoperability-architecture-solutions/news/egoverac-success-data-space-council-madrid,https://interoperable-europe.ec.europa.eu/collection/interoperability-architecture-solutions/success-stories,자료실 카드 제목·날짜 확인; 개별 본문 별도 확인
eGovERA© success on ViDA e-invoicing requirements with DG TAXUD,28/11/2024,Last update,https://interoperable-europe.ec.europa.eu/collection/interoperability-architecture-solutions/news/egoverac-success-vida-e-invoicing-requirements-dg-taxud,https://interoperable-europe.ec.europa.eu/collection/interoperability-architecture-solutions/success-stories,자료실 카드 제목·날짜 확인; 개별 본문 별도 확인
First public procurement use case for EIRA© and ITB with CACSA,28/11/2024,Last update,https://interoperable-europe.ec.europa.eu/collection/interoperability-architecture-solutions/news/first-public-procurement-use-case-eirac-and-itb-cacsa,https://interoperable-europe.ec.europa.eu/collection/interoperability-architecture-solutions/success-stories,자료실 카드 제목·날짜 확인; 개별 본문 별도 확인
eGovERA based VAT4SME model in support of the SME-SS (Special Scheme),27/03/2023,Last update,https://interoperable-europe.ec.europa.eu/collection/interoperability-architecture-solutions/solution/vat4sme,https://interoperable-europe.ec.europa.eu/collection/interoperability-architecture-solutions/success-stories,자료실 카드 제목·날짜 확인; 개별 본문 별도 확인
appointments-fedi-collect,확인 불가,,https://interoperable-europe.ec.europa.eu/eu-oss-catalogue/solutions/appointments-fedi-collect,https://interoperable-europe.ec.europa.eu/eu-oss-catalogue,자료실 카드 제목·날짜 확인; 개별 본문 별도 확인
CISO Assistant,확인 불가,,https://interoperable-europe.ec.europa.eu/eu-oss-catalogue/solutions/ciso-assistant,https://interoperable-europe.ec.europa.eu/eu-oss-catalogue,자료실 카드 제목·날짜 확인; 개별 본문 별도 확인
INGV - FDSNWS Station MCP Server,확인 불가,,https://interoperable-europe.ec.europa.eu/eu-oss-catalogue/solutions/ingv-fdsnws-station-mcp-server,https://interoperable-europe.ec.europa.eu/eu-oss-catalogue,자료실 카드 제목·날짜 확인; 개별 본문 별도 확인
Kubernetes-minimal-on-a-vm,확인 불가,,https://interoperable-europe.ec.europa.eu/eu-oss-catalogue/solutions/kubernetes-minimal-vm,https://interoperable-europe.ec.europa.eu/eu-oss-catalogue,자료실 카드 제목·날짜 확인; 개별 본문 별도 확인
LimeSurvey hairdressed,확인 불가,,https://interoperable-europe.ec.europa.eu/eu-oss-catalogue/solutions/limesurvey-hairdressed,https://interoperable-europe.ec.europa.eu/eu-oss-catalogue,자료실 카드 제목·날짜 확인; 개별 본문 별도 확인
syncthing-1,확인 불가,,https://interoperable-europe.ec.europa.eu/eu-oss-catalogue/solutions/syncthing-1,https://interoperable-europe.ec.europa.eu/eu-oss-catalogue,자료실 카드 제목·날짜 확인; 개별 본문 별도 확인
CORE UX,확인 불가,,https://interoperable-europe.ec.europa.eu/eu-oss-catalogue/solutions/core-ux,https://interoperable-europe.ec.europa.eu/eu-oss-catalogue,자료실 카드 제목·날짜 확인; 개별 본문 별도 확인
Interoperability Test Bed - CSV validator,확인 불가,,https://interoperable-europe.ec.europa.eu/eu-oss-catalogue/solutions/interoperability-test-bed-csv-validator,https://interoperable-europe.ec.europa.eu/eu-oss-catalogue,자료실 카드 제목·날짜 확인; 개별 본문 별도 확인
Interoperability Test Bed - JSON validator,확인 불가,,https://interoperable-europe.ec.europa.eu/eu-oss-catalogue/solutions/interoperability-test-bed-json-validator,https://interoperable-europe.ec.europa.eu/eu-oss-catalogue,자료실 카드 제목·날짜 확인; 개별 본문 별도 확인
Interoperability Test Bed - SHACL validator,확인 불가,,https://interoperable-europe.ec.europa.eu/eu-oss-catalogue/solutions/interoperability-test-bed-shacl-validator,https://interoperable-europe.ec.europa.eu/eu-oss-catalogue,자료실 카드 제목·날짜 확인; 개별 본문 별도 확인
Interoperability Test Bed - XML validator,확인 불가,,https://interoperable-europe.ec.europa.eu/eu-oss-catalogue/solutions/interoperability-test-bed-xml-validator,https://interoperable-europe.ec.europa.eu/eu-oss-catalogue,자료실 카드 제목·날짜 확인; 개별 본문 별도 확인
IO,확인 불가,,https://interoperable-europe.ec.europa.eu/eu-oss-catalogue/solutions/io,https://interoperable-europe.ec.europa.eu/eu-oss-catalogue,자료실 카드 제목·날짜 확인; 개별 본문 별도 확인
NextCloud Server,확인 불가,,https://interoperable-europe.ec.europa.eu/eu-oss-catalogue/solutions/nextcloud-server,https://interoperable-europe.ec.europa.eu/eu-oss-catalogue,자료실 카드 제목·날짜 확인; 개별 본문 별도 확인
Försäkringskassans designsystem,확인 불가,,https://interoperable-europe.ec.europa.eu/eu-oss-catalogue/solutions/forsakringskassans-designsystem,https://interoperable-europe.ec.europa.eu/eu-oss-catalogue,자료실 카드 제목·날짜 확인; 개별 본문 별도 확인
QGIS,확인 불가,,https://interoperable-europe.ec.europa.eu/eu-oss-catalogue/solutions/qgis,https://interoperable-europe.ec.europa.eu/eu-oss-catalogue,자료실 카드 제목·날짜 확인; 개별 본문 별도 확인
NetXMS,확인 불가,,https://interoperable-europe.ec.europa.eu/eu-oss-catalogue/solutions/netxms,https://interoperable-europe.ec.europa.eu/eu-oss-catalogue,자료실 카드 제목·날짜 확인; 개별 본문 별도 확인
OpenProject,확인 불가,,https://interoperable-europe.ec.europa.eu/eu-oss-catalogue/solutions/openproject-1,https://interoperable-europe.ec.europa.eu/eu-oss-catalogue,자료실 카드 제목·날짜 확인; 개별 본문 별도 확인
OpenProject,확인 불가,,https://interoperable-europe.ec.europa.eu/eu-oss-catalogue/solutions/openproject,https://interoperable-europe.ec.europa.eu/eu-oss-catalogue,자료실 카드 제목·날짜 확인; 개별 본문 별도 확인
MidPoint,확인 불가,,https://interoperable-europe.ec.europa.eu/eu-oss-catalogue/solutions/midpoint,https://interoperable-europe.ec.europa.eu/eu-oss-catalogue,자료실 카드 제목·날짜 확인; 개별 본문 별도 확인
SoestApp,확인 불가,,https://interoperable-europe.ec.europa.eu/eu-oss-catalogue/solutions/soestapp,https://interoperable-europe.ec.europa.eu/eu-oss-catalogue,자료실 카드 제목·날짜 확인; 개별 본문 별도 확인
Zabbix Monitoring and Observability Platform,확인 불가,,https://interoperable-europe.ec.europa.eu/eu-oss-catalogue/solutions/zabbix-monitoring-and-observability-platform,https://interoperable-europe.ec.europa.eu/eu-oss-catalogue,자료실 카드 제목·날짜 확인; 개별 본문 별도 확인
Mastodon,확인 불가,,https://interoperable-europe.ec.europa.eu/eu-oss-catalogue/solutions/mastodon,https://interoperable-europe.ec.europa.eu/eu-oss-catalogue,자료실 카드 제목·날짜 확인; 개별 본문 별도 확인
DevGuard,확인 불가,,https://interoperable-europe.ec.europa.eu/node/735075,https://interoperable-europe.ec.europa.eu/eu-oss-catalogue,자료실 카드 제목·날짜 확인; 개별 본문 별도 확인
QField,확인 불가,,https://interoperable-europe.ec.europa.eu/eu-oss-catalogue/solutions/qfield,https://interoperable-europe.ec.europa.eu/eu-oss-catalogue,자료실 카드 제목·날짜 확인; 개별 본문 별도 확인
Support for open source,24/07/2025,Last update,https://interoperable-europe.ec.europa.eu/collection/ec-ospo/news/support-open-source,https://interoperable-europe.ec.europa.eu/collection/open-source-observatory-osor/funding-opportunities-open-source-software-projects-public-sector,자료실 카드 제목·날짜 확인; 개별 본문 별도 확인
EU Digital Funding Opportunities,16/09/2026,Last update,https://interoperable-europe.ec.europa.eu/eu-digital-funding-opportunities,https://interoperable-europe.ec.europa.eu/collection/open-source-observatory-osor/funding-opportunities-open-source-software-projects-public-sector,자료실 카드 제목·날짜 확인; 개별 본문 별도 확인
Funding open source: case study on the Sovereign Tech Fund,19/06/2025,Last update,https://interoperable-europe.ec.europa.eu/collection/open-source-observatory-osor/document/funding-open-source-case-study-sovereign-tech-fund,https://interoperable-europe.ec.europa.eu/collection/open-source-observatory-osor/funding-opportunities-open-source-software-projects-public-sector,자료실 카드 제목·날짜 확인; 개별 본문 별도 확인
Highlights of FOSDEM 2025,02/04/2025,Last update,https://interoperable-europe.ec.europa.eu/collection/open-source-observatory-osor/news/highlights-fosdem-2025,https://interoperable-europe.ec.europa.eu/collection/open-source-observatory-osor/funding-opportunities-open-source-software-projects-public-sector,자료실 카드 제목·날짜 확인; 개별 본문 별도 확인
Funding Opportunities,20/03/2023,Last update,https://interoperable-europe.ec.europa.eu/collection/public-sector-tech-watch/funding-opportunities,https://interoperable-europe.ec.europa.eu/collection/open-source-observatory-osor/funding-opportunities-open-source-software-projects-public-sector,자료실 카드 제목·날짜 확인; 개별 본문 별도 확인
New course on Interoperability regulatory sandbox,19/11/2025,Last update,https://interoperable-europe.ec.europa.eu/collection/interoperable-europe-academy/news/new-course-interoperability-regulatory-sandbox,https://interoperable-europe.ec.europa.eu/collection/interoperability-regulatory-sandboxes/know-more,자료실 카드 제목·날짜 확인; 개별 본문 별도 확인
Join our interactive Learning Session on Interoperability Regulatory Sandboxes!,확인 불가,,https://interoperable-europe.ec.europa.eu/collection/interoperable-europe-academy/event/join-our-interactive-learning-session-interoperability-regulatory-sandboxes,https://interoperable-europe.ec.europa.eu/collection/interoperability-regulatory-sandboxes/know-more,자료실 카드 제목·날짜 확인; 개별 본문 별도 확인
Learning session: Interoperability Regulatory Sandboxes,09/07/2025,Last update,https://interoperable-europe.ec.europa.eu/collection/interoperability-regulatory-sandboxes/news/learning-session-interoperability-regulatory-sandboxes,https://interoperable-europe.ec.europa.eu/collection/interoperability-regulatory-sandboxes/know-more,자료실 카드 제목·날짜 확인; 개별 본문 별도 확인
