id,title,profile,fixture,mutation,processingStatus,technicalResult,businessDecision,reasonCodes,requirements,checks,additionalAssertion,executionStatus
T01,서명문서 정상,P-SIG,FX-SIG,변경 없음,COMPLETED,VALID,ACCEPT,"[""TV_OK""]","[""R03"", ""R04"", ""R07""]","{""integrity"": ""PASS"", ""trust"": ""PASS"", ""authority"": ""PASS"", ""status"": ""PASS"", ""freshness"": ""PASS"", ""holderBinding"": ""NOT_APPLICABLE""}",,NOT_RUN
T02,공공 속성 정상,P-ATTR,FX-ATTR,변경 없음,COMPLETED,VALID,ACCEPT,"[""TV_OK""]","[""R02"", ""R03"", ""R06""]","{""integrity"": ""PASS"", ""trust"": ""PASS"", ""authority"": ""PASS"", ""status"": ""PASS"", ""freshness"": ""PASS"", ""holderBinding"": ""PASS""}",,NOT_RUN
T03,민간 재직 정상,P-EMP,FX-EMP,변경 없음,COMPLETED,VALID,ACCEPT,"[""TV_OK""]","[""R02"", ""R03"", ""R07""]","{""integrity"": ""PASS"", ""trust"": ""PASS"", ""authority"": ""PASS"", ""status"": ""PASS"", ""freshness"": ""PASS"", ""holderBinding"": ""PASS""}",,NOT_RUN
T04,서명된 내용 변조,P-SIG,FX-SIG,서명 후 원문 1바이트 변경,COMPLETED,INVALID,REJECT,"[""TV_SIGNATURE_INVALID""]","[""R04""]","{""integrity"": ""FAIL"", ""trust"": ""NOT_EVALUATED"", ""authority"": ""NOT_EVALUATED"", ""status"": ""NOT_EVALUATED"", ""freshness"": ""NOT_EVALUATED"", ""holderBinding"": ""NOT_APPLICABLE""}",,NOT_RUN
T05,신뢰되지 않는 경로,P-SIG,FX-SIG,서명은 정상이나 승인 앵커와 연결 안 되는 경로,COMPLETED,INVALID,REJECT,"[""TV_CHAIN_UNTRUSTED""]","[""R04""]","{""integrity"": ""PASS"", ""trust"": ""FAIL"", ""authority"": ""PASS"", ""status"": ""PASS"", ""freshness"": ""PASS"", ""holderBinding"": ""NOT_APPLICABLE""}",,NOT_RUN
T06,신뢰목록 조회 장애,P-SIG,FX-SIG,"목록 요청 타임아웃, 사용 가능한 캐시 없음",COMPLETED,INDETERMINATE,DEFER,"[""TV_TRUST_UNAVAILABLE"", ""BUS_EVIDENCE_PENDING""]","[""R04"", ""R09""]","{""integrity"": ""PASS"", ""trust"": ""INDETERMINATE"", ""authority"": ""PASS"", ""status"": ""PASS"", ""freshness"": ""PASS"", ""holderBinding"": ""NOT_APPLICABLE""}",,NOT_RUN
T07,오래된 신뢰목록,P-SIG,FX-SIG,서명은 정상이나 캐시 나이 301초; 시험 한도 300초,COMPLETED,INDETERMINATE,DEFER,"[""TV_TRUST_STALE"", ""BUS_EVIDENCE_PENDING""]","[""R04"", ""R09""]","{""integrity"": ""PASS"", ""trust"": ""INDETERMINATE"", ""authority"": ""PASS"", ""status"": ""PASS"", ""freshness"": ""PASS"", ""holderBinding"": ""NOT_APPLICABLE""}",,NOT_RUN
T08,발급권한 범위 위반,P-ATTR,FX-ATTR,지역 속성 권한이 없는 기관의 정상 서명,COMPLETED,INVALID,REJECT,"[""TV_AUTHORITY_MISMATCH""]","[""R02""]","{""integrity"": ""PASS"", ""trust"": ""PASS"", ""authority"": ""FAIL"", ""status"": ""PASS"", ""freshness"": ""PASS"", ""holderBinding"": ""PASS""}",,NOT_RUN
T09,발급권한 미확인,P-EMP,FX-EMP,서명은 정상이나 권한 자료 없음,COMPLETED,INDETERMINATE,DEFER,"[""TV_AUTHORITY_UNKNOWN"", ""BUS_EVIDENCE_PENDING""]","[""R02""]","{""integrity"": ""PASS"", ""trust"": ""PASS"", ""authority"": ""INDETERMINATE"", ""status"": ""PASS"", ""freshness"": ""PASS"", ""holderBinding"": ""PASS""}",,NOT_RUN
T10,자격증명 폐기,P-EMP,FX-EMP,판단 시점 이전 폐기가 정상 상태 증거로 확인됨,COMPLETED,INVALID,REJECT,"[""TV_REVOKED""]","[""R05""]","{""integrity"": ""PASS"", ""trust"": ""PASS"", ""authority"": ""PASS"", ""status"": ""FAIL"", ""freshness"": ""PASS"", ""holderBinding"": ""PASS""}",,NOT_RUN
T11,상태조회 불가,P-ATTR,FX-ATTR,"상태 요청 타임아웃, 사용 가능한 캐시 없음",COMPLETED,INDETERMINATE,DEFER,"[""TV_STATUS_UNAVAILABLE"", ""BUS_EVIDENCE_PENDING""]","[""R05"", ""R09""]","{""integrity"": ""PASS"", ""trust"": ""PASS"", ""authority"": ""PASS"", ""status"": ""INDETERMINATE"", ""freshness"": ""PASS"", ""holderBinding"": ""PASS""}",,NOT_RUN
T12,상태 증거 최신성 초과,P-ATTR,FX-ATTR,상태 증거 나이 121초; 시험 한도 120초,COMPLETED,INDETERMINATE,DEFER,"[""TV_STATUS_STALE"", ""BUS_EVIDENCE_PENDING""]","[""R05""]","{""integrity"": ""PASS"", ""trust"": ""PASS"", ""authority"": ""PASS"", ""status"": ""INDETERMINATE"", ""freshness"": ""PASS"", ""holderBinding"": ""PASS""}",,NOT_RUN
T13,유효기간 만료,P-SIG,FX-SIG,프로파일의 유효기간 끝보다 31초 지남; 시험 오차 30초,COMPLETED,INVALID,REJECT,"[""TV_TIME_INVALID""]","[""R05""]","{""integrity"": ""PASS"", ""trust"": ""PASS"", ""authority"": ""PASS"", ""status"": ""PASS"", ""freshness"": ""FAIL"", ""holderBinding"": ""NOT_APPLICABLE""}",,NOT_RUN
T14,필요 시점 증거 없음,P-EMP,FX-EMP,필수 발급·유효 시각을 확정할 증거 부족,COMPLETED,INDETERMINATE,DEFER,"[""TV_TIME_UNPROVEN"", ""BUS_EVIDENCE_PENDING""]","[""R05""]","{""integrity"": ""PASS"", ""trust"": ""PASS"", ""authority"": ""PASS"", ""status"": ""PASS"", ""freshness"": ""INDETERMINATE"", ""holderBinding"": ""PASS""}",,NOT_RUN
T15,보유자 키 불일치,P-ATTR,FX-ATTR,제시 증명의 키가 증명서 결합 키와 다름,COMPLETED,INVALID,REJECT,"[""TV_HOLDER_MISMATCH""]","[""R06""]","{""integrity"": ""PASS"", ""trust"": ""PASS"", ""authority"": ""PASS"", ""status"": ""PASS"", ""freshness"": ""PASS"", ""holderBinding"": ""FAIL""}",,NOT_RUN
T16,수신자 불일치,P-EMP,FX-EMP,제시 증명의 audience가 현재 수신기관과 다름,COMPLETED,INVALID,REJECT,"[""TV_HOLDER_MISMATCH""]","[""R06""]","{""integrity"": ""PASS"", ""trust"": ""PASS"", ""authority"": ""PASS"", ""status"": ""PASS"", ""freshness"": ""PASS"", ""holderBinding"": ""FAIL""}",,NOT_RUN
T17,새 거래에서 nonce 재사용,P-ATTR,FX-ATTR,성공 거래의 제시 증명을 새 requestId에 재사용,COMPLETED,INVALID,REJECT,"[""TV_REPLAY""]","[""R06""]","{""integrity"": ""PASS"", ""trust"": ""PASS"", ""authority"": ""PASS"", ""status"": ""PASS"", ""freshness"": ""PASS"", ""holderBinding"": ""FAIL""}",,NOT_RUN
T18,형식 미지원,P-ATTR,FX-ATTR,알려지지 않은 증거 형식으로 변경,COMPLETED,INDETERMINATE,DEFER,"[""TV_PROFILE_UNSUPPORTED"", ""BUS_EVIDENCE_PENDING""]","[""R03"", ""R07""]","{""integrity"": ""INDETERMINATE"", ""trust"": ""NOT_EVALUATED"", ""authority"": ""NOT_EVALUATED"", ""status"": ""NOT_EVALUATED"", ""freshness"": ""NOT_EVALUATED"", ""holderBinding"": ""NOT_EVALUATED""}",,NOT_RUN
T19,금지 알고리즘,P-SIG,FX-SIG,수학적으로 검증되지만 시험 정책에서 금지한 알고리즘,COMPLETED,INVALID,REJECT,"[""TV_ALGORITHM_DISALLOWED""]","[""R03"", ""R04""]","{""integrity"": ""FAIL"", ""trust"": ""NOT_EVALUATED"", ""authority"": ""NOT_EVALUATED"", ""status"": ""NOT_EVALUATED"", ""freshness"": ""NOT_EVALUATED"", ""holderBinding"": ""NOT_APPLICABLE""}",,NOT_RUN
T20,기술 유효·업무 거절,P-SIG,FX-SIG,문서 기술 조건 정상; 업무 제출 기한 초과,COMPLETED,VALID,REJECT,"[""TV_OK"", ""BUS_POLICY_REJECT""]","[""R01"", ""R07""]","{""integrity"": ""PASS"", ""trust"": ""PASS"", ""authority"": ""PASS"", ""status"": ""PASS"", ""freshness"": ""PASS"", ""holderBinding"": ""NOT_APPLICABLE""}",,NOT_RUN
T21,기술 유효·추가 심사,P-EMP,FX-EMP,기술 조건 정상; 재직 사실 이의에 따라 업무 심사 필요,COMPLETED,VALID,REVIEW,"[""TV_OK"", ""BUS_REVIEW_REQUIRED""]","[""R07"", ""R12""]","{""integrity"": ""PASS"", ""trust"": ""PASS"", ""authority"": ""PASS"", ""status"": ""PASS"", ""freshness"": ""PASS"", ""holderBinding"": ""PASS""}",,NOT_RUN
T22,확정 실패와 미확인 병존,P-EMP,FX-EMP,무결성 실패와 상태 서버 장애를 독립 증거로 구성,COMPLETED,INVALID,REJECT,"[""TV_SIGNATURE_INVALID"", ""TV_STATUS_UNAVAILABLE""]","[""R05"", ""R07""]","{""integrity"": ""FAIL"", ""trust"": ""PASS"", ""authority"": ""PASS"", ""status"": ""INDETERMINATE"", ""freshness"": ""PASS"", ""holderBinding"": ""PASS""}",집계 단위시험으로 수행; 통합 엔진이 무결성 실패 후 후속 검사를 생략하면 별도 skip 기대 결과를 기록,NOT_RUN
T23,장애 중 유효 캐시 사용,P-ATTR,FX-ATTR,"조회 장애; 출처·서명·공급자 유효기간 정상, 상태 나이 119초",COMPLETED,VALID,ACCEPT,"[""TV_OK""]","[""R05"", ""R09""]","{""integrity"": ""PASS"", ""trust"": ""PASS"", ""authority"": ""PASS"", ""status"": ""PASS"", ""freshness"": ""PASS"", ""holderBinding"": ""PASS""}",보고서에 캐시 사용 및 취득·유효 시각 기록,NOT_RUN
T24,검증된 목록 키 교체,P-SIG,FX-SIG,승인된 전환 증거로 연결되는 새 목록 서명키 사용,COMPLETED,VALID,ACCEPT,"[""TV_OK""]","[""R04"", ""R09"", ""R10""]","{""integrity"": ""PASS"", ""trust"": ""PASS"", ""authority"": ""PASS"", ""status"": ""PASS"", ""freshness"": ""PASS"", ""holderBinding"": ""NOT_APPLICABLE""}",구·신 앵커와 전환 근거 식별자를 기록,NOT_RUN
T25,목록 서명 위조,P-SIG,FX-SIG,"다운로드한 목록의 서명 무효, 유효 캐시 없음",COMPLETED,INDETERMINATE,DEFER,"[""TV_TRUST_UNAVAILABLE"", ""BUS_EVIDENCE_PENDING""]","[""R04""]","{""integrity"": ""PASS"", ""trust"": ""INDETERMINATE"", ""authority"": ""PASS"", ""status"": ""PASS"", ""freshness"": ""PASS"", ""holderBinding"": ""NOT_APPLICABLE""}",무효 목록을 근거로 증명서 폐기·신뢰를 단정하지 않음,NOT_RUN
T26,시계 오차 허용 경계,P-EMP,FX-EMP,유효기간 끝 경과가 정확히 시험 오차 30초,COMPLETED,VALID,ACCEPT,"[""TV_OK""]","[""R05""]","{""integrity"": ""PASS"", ""trust"": ""PASS"", ""authority"": ""PASS"", ""status"": ""PASS"", ""freshness"": ""PASS"", ""holderBinding"": ""PASS""}",초안 시험 정책은 경계 포함; 실제 운영 허용값과 분리,NOT_RUN
T27,필수 serviceId 누락,ALL,FX-REQUEST,필수 serviceId 누락,REJECTED,,,"[""REQ_MALFORMED""]","[""R09""]",,technicalResult·businessDecision·checks 필드 부재; null 값을 가진 완료 보고서로 반환하지 않음,NOT_RUN
T28,타 기관 증거에 무권한 접근,ALL,FX-REQUEST,타 기관 증거에 무권한 접근,REJECTED,,,"[""REQ_UNAUTHORIZED""]","[""R08""]",,technicalResult·businessDecision·checks 필드 부재; null 값을 가진 완료 보고서로 반환하지 않음,NOT_RUN
T29,승인 정책 미확보,ALL,FX-REQUEST,승인 정책 미확보,ERROR,,,"[""SYS_POLICY_UNAVAILABLE""]","[""R03""]",,technicalResult·businessDecision·checks 필드 부재; null 값을 가진 완료 보고서로 반환하지 않음,NOT_RUN
T30,엔진 예외 주입,ALL,FX-REQUEST,엔진 예외 주입,ERROR,,,"[""SYS_INTERNAL""]","[""R09""]",,technicalResult·businessDecision·checks 필드 부재; null 값을 가진 완료 보고서로 반환하지 않음,NOT_RUN
T31,같은 요청 재시도,P-ATTR,FX-ATTR,동일 requestId·동일 바이트·동일 컨텍스트 재요청,COMPLETED,VALID,ACCEPT,"[""TV_OK""]","[""R06"", ""R09"", ""R10""]","{""integrity"": ""PASS"", ""trust"": ""PASS"", ""authority"": ""PASS"", ""status"": ""PASS"", ""freshness"": ""PASS"", ""holderBinding"": ""PASS""}",최초 reportId·evaluatedAt·결과 재사용; 새 검증 실행과 nonce 재사용 공격으로 오인하지 않음,NOT_RUN
T32,상태 캐시 허용 경계,P-ATTR,FX-ATTR,공급자 유효기간 충족; 상태 나이 정확히 120초,COMPLETED,VALID,ACCEPT,"[""TV_OK""]","[""R05"", ""R09""]","{""integrity"": ""PASS"", ""trust"": ""PASS"", ""authority"": ""PASS"", ""status"": ""PASS"", ""freshness"": ""PASS"", ""holderBinding"": ""PASS""}",정상 유효기간을 초과하지 않은 경계값임을 fixture에 명시,NOT_RUN
