title,url
Policy,https://interoperable-europe.ec.europa.eu/interoperable-europe
News,https://interoperable-europe.ec.europa.eu/interoperable-europe/latest-news
Events,https://interoperable-europe.ec.europa.eu/interoperable-europe/events
Interoperable Europe Act,https://interoperable-europe.ec.europa.eu/interoperable-europe/interoperable-europe-act
AI in the public sector,https://interoperable-europe.ec.europa.eu/collection/ai-public-sector
Digital Ready Policy Making,https://interoperable-europe.ec.europa.eu/collection/digital-ready-policymaking
FAQs,https://interoperable-europe.ec.europa.eu/interoperable-europe/faqs
Solutions,https://interoperable-europe.ec.europa.eu/interoperable_solutions
Interoperable Europe Solutions,https://interoperable-europe.ec.europa.eu/interoperable-europe-solutions
EU Interoperability Solutions Catalogue,https://interoperable-europe.ec.europa.eu/interoperability-solutions-catalogue
EU Open Source Solutions Catalogue,https://interoperable-europe.ec.europa.eu/eu-oss-catalogue
Guidelines on Sharing Interoperability Solutions,https://interoperable-europe.ec.europa.eu/collection/guidelines-sharing-interoperability-solutions
European Public Licence (EUPL),https://interoperable-europe.ec.europa.eu/collection/eupl
Support Centre,https://interoperable-europe.ec.europa.eu/interoperable-europe-support-centre
Portal support,https://interoperable-europe.ec.europa.eu/collection/portal-support
Semantics (SEMIC),https://interoperable-europe.ec.europa.eu/collection/semic-support-centre
Open source (OSOR),https://interoperable-europe.ec.europa.eu/collection/open-source-observatory-osor
European Interoperability Framework (EIF),https://interoperable-europe.ec.europa.eu/collection/iopeu-monitoring/european-interoperability-framework-detail
Monitoring,https://interoperable-europe.ec.europa.eu/collection/iopeu-monitoring
Public Sector Tech Watch,https://interoperable-europe.ec.europa.eu/collection/public-sector-tech-watch
GovTech,https://interoperable-europe.ec.europa.eu/collection/eugovtech
"Architecture solutions (CAMSS, TestBed, EIRA)",https://interoperable-europe.ec.europa.eu/collection/interoperability-architecture-solutions
Regulatory sandboxes,https://interoperable-europe.ec.europa.eu/collection/interoperability-regulatory-sandboxes
Forum,https://interoperable-europe.ec.europa.eu/discussions
Governance,https://interoperable-europe.ec.europa.eu/governance
Board,https://interoperable-europe.ec.europa.eu/collection/governance-board
Community,https://interoperable-europe.ec.europa.eu/collection/community
National competent authorities,https://interoperable-europe.ec.europa.eu/national-competent-authorities
Assessments,https://interoperable-europe.ec.europa.eu/collection/assessments
Funding Opportunities,https://interoperable-europe.ec.europa.eu/eu-digital-funding-opportunities
Landscape of EU digital regulations,https://interoperable-europe.ec.europa.eu/eu-digital-regulations
Academy,https://interoperable-europe.ec.europa.eu/collection/interoperable-europe-academy/welcome
Learning paths,https://interoperable-europe.ec.europa.eu/collection/interoperable-europe-academy/learning-paths
Courses,https://interoperable-europe.ec.europa.eu/collection/interoperable-europe-academy/courses
Policy briefs,https://interoperable-europe.ec.europa.eu/collection/interoperable-europe-academy/policy-briefs
Curriculum,https://interoperable-europe.ec.europa.eu/collection/interoperable-europe-academy/curriculum
Seasonal school 2026,https://interoperable-europe.ec.europa.eu/collection/interoperable-europe-academy/event/interoperable-europe-seasonal-school-2026
SEMIC 2026,https://interoperable-europe.ec.europa.eu/collection/semic-conference
Sign in,https://interoperable-europe.ec.europa.eu/eulogin
Home,https://interoperable-europe.ec.europa.eu/
